AGAAGA,1.033911,1,
GAAGAT,0.9918227,2,
GACGTC,0.9835801,3,
GAAGAC,0.9642111,4,
TCGTCG,0.9517302,5,
TGAAGA,0.9433859,6,
CAAGAA,0.9218796,7,
TCGCCG,0.9112848,8,
GCAAGA,0.8911302,9,
CGTCGA,0.88529,10,
CGTCGC,0.8850268,11,
TCGACG,0.8750194,12,
GACGGA,0.8727113,13,
TCGGCG,0.8629506,14,
CCGTCG,0.8574037,15,
GACGAC,0.8458776,16,
GAAGAA,0.8450014,17,
CGTCGG,0.8439065,18,
CGGACG,0.8411678,19,
CGACGG,0.8246972,20,
GACGCG,0.8213622,21,
ACGTCG,0.8103775,22,
ACGCCG,0.8094945,23,
CGACGA,0.8051437,24,
AAGAAA,0.7945835,25,
TTCGTC,0.789283,26,
CCGACG,0.7859856,27,
CGCGGA,0.7844679,28,
AACGGA,0.780355,29,
AAGACT,0.7782921,30,
GTCGTC,0.7739944,31,
GGACGC,0.7614005,32,
GACGAT,0.7601566,33,
CGTCCG,0.752506,34,
TCATCG,0.7523294,35,
CGAAGA,0.7495637,36,
TTCGAC,0.7493298,37,
CGCGAC,0.7465543,38,
CGCCGG,0.745876,39,
TCTTCG,0.7410847,40,
CGACGC,0.7396268,41,
CGCGCG,0.7253069,42,
AAGACG,0.7250714,43,
GCGGAC,0.7250126,44,
GACGGC,0.7244827,45,
ACGACG,0.7235996,46,
CGGCGG,0.7207547,47,
TTCGCG,0.720304,48,
GACGAA,0.7183826,49,
GCGACG,0.7180181,50,
TGACGA,0.7169895,51,
ACGGCG,0.7085283,52,
CAAGAC,0.7052329,53,
GAACGC,0.7028765,54,
TCTGCG,0.697578,55,
GGACGA,0.6973942,56,
CGTGGA,0.6925386,57,
AACGCG,0.6918085,58,
CGGCGA,0.6863137,59,
GTCGAC,0.6856269,60,
TGGACG,0.6856156,61,
CGTCGT,0.6852148,62,
AACGTC,0.6840531,63,
GACATC,0.6822123,64,
GCGTCG,0.6756414,65,
ACGGAC,0.6755092,66,
AAGAGA,0.67542,67,
CGCGTC,0.6753553,68,
TCCGCG,0.6752654,69,
GGACCT,0.6750214,70,
TCGCGC,0.6741237,71,
GATGGA,0.6639634,72,
GACCTG,0.6638958,73,
TCGTCT,0.6630788,74,
GACGCC,0.6625746,75,
CCGCGG,0.662213,76,
TCGCGA,0.660858,77,
CTGCGA,0.6589683,78,
ATCGTC,0.6516479,79,
TCACCG,0.6513043,80,
GGAAGA,0.6505002,81,
TCGTCC,0.6503621,82,
TCGACC,0.6498096,83,
TCTCCG,0.6468889,84,
GACCGG,0.6468517,85,
TCTACG,0.6457114,86,
CGACGT,0.6444751,87,
TCAACG,0.6432388,88,
GATGAC,0.6427678,89,
GAACGA,0.6420264,90,
GGACGT,0.6418263,91,
CGAAGC,0.640487,92,
CGCGGG,0.6402479,93,
CGTCCA,0.64005,94,
CAAGAT,0.6380199,95,
AAGATC,0.6374851,96,
TTCGCC,0.6368781,97,
TCCGGA,0.6360694,98,
GGACCG,0.6360591,99,
CGCCCG,0.635762,100,
ACGATC,0.6312504,101,
AAGAAC,0.6302497,102,
GAGGAC,0.6264013,103,
GACCCG,0.6254947,104,
TCCTCG,0.6233399,105,
CGCGCC,0.6222879,106,
CCGGAG,0.6219637,107,
GTGGAC,0.6217303,108,
CCGGCG,0.6214781,109,
TCGCGG,0.6207399,110,
ACTTCG,0.6206318,111,
CAAGGA,0.6196707,112,
CTGCCG,0.6191011,113,
CGGAAC,0.6180112,114,
CGGAGC,0.6180112,115,
GCGTCC,0.6175627,116,
TTCGGC,0.6150017,117,
GAAGTC,0.6141558,118,
CGAACG,0.6139203,119,
AAGAAT,0.6130373,120,
GGCGTC,0.6127064,121,
TGGAAC,0.6122403,122,
GGCGAC,0.608275,123,
TGGACC,0.608196,124,
ACGCGC,0.6077739,125,
CGCACG,0.6036177,126,
ACTCCG,0.6024402,127,
CGTTCG,0.6012628,128,
AGACGA,0.6009428,129,
ACGCGG,0.6003441,130,
CGGAGA,0.5989419,131,
GACCGA,0.5983833,132,
GAAGCC,0.598016,133,
TTCATC,0.5971833,134,
TGTGGA,0.5952629,135,
GCGACC,0.595254,136,
CGGCGC,0.5946117,137,
GGAACC,0.5928773,138,
GACGTT,0.5916505,139,
AAGAAG,0.5907246,140,
CCGGGA,0.5901934,141,
ATGGAC,0.5893696,142,
GTTCGC,0.5889463,143,
ACGGAT,0.587781,144,
GTGGAA,0.5870258,145,
ACAACG,0.5867802,146,
GAATCG,0.5856443,147,
CTGCGC,0.5853751,148,
GAACCG,0.5849293,149,
GTGACG,0.5840583,150,
CCTGCG,0.5840238,151,
CCGCGA,0.5834265,152,
TCGATC,0.5816804,153,
CTGCGG,0.5806235,154,
CGACCG,0.5775961,155,
GATGGC,0.5761243,156,
CGTCTG,0.5740363,157,
CGGATG,0.5727884,158,
CCCGCG,0.5710731,159,
CTTCGC,0.5709813,160,
ACATCG,0.5708846,161,
AAGGAC,0.5706734,162,
CGGCGT,0.5700015,163,
TTGCCG,0.568089,164,
AAGGAT,0.56747,165,
GAACCT,0.5663388,166,
GAAGGA,0.5652084,167,
GTGAAG,0.5613287,168,
TCGGAC,0.5591277,169,
GCGCGC,0.5564609,170,
GAAGCG,0.5558995,171,
GCGGCG,0.5550892,172,
GGAGAC,0.5550681,173,
ACGTCC,0.5534317,174,
GAAGGC,0.5530463,175,
AACAAC,0.5506607,176,
ACCGGG,0.549885,177,
ACCTCG,0.5476889,178,
TGACCG,0.5472676,179,
TACGCG,0.5461582,180,
GATGCC,0.5458714,181,
GACCCT,0.5453173,182,
AAGGAA,0.5452517,183,
CGCTGA,0.5446959,184,
ATGACG,0.5443332,185,
GACGCT,0.5437442,186,
CGCGAA,0.5424727,187,
AGACGT,0.5421549,188,
TACGAC,0.541732,189,
CAACGC,0.5417255,190,
TCGACT,0.5416839,191,
ATCGCG,0.5410952,192,
GCGGAT,0.5408841,193,
ACGGTC,0.5405004,194,
CTTCGG,0.5403639,195,
GATGCG,0.5403598,196,
CTGTCG,0.5399766,197,
AGACCT,0.5396823,198,
TGACGC,0.5391356,199,
ATCGAC,0.5385761,200,
CGTGCG,0.5378572,201,
AACAGA,0.537137,202,
TCCACG,0.5369153,203,
TGATCG,0.5364623,204,
GACCGT,0.536308,205,
GCGCCG,0.536165,206,
ACACCG,0.5359733,207,
CTCGCG,0.5357378,208,
GAGCGC,0.5354434,209,
AGAGAC,0.5349585,210,
CCCGTC,0.53342,211,
CTCCGG,0.5316287,212,
CCTCCG,0.531515,213,
CGAGCG,0.5313812,214,
GAGGAT,0.5305879,215,
GACGAG,0.5291102,216,
CGACCA,0.5285154,217,
CGGAAG,0.5283788,218,
GAGACG,0.5283475,219,
TCCGAC,0.5262606,220,
AGACGC,0.5261837,221,
AGAGGA,0.5257987,222,
ACGCCT,0.5246109,223,
CCGGAA,0.5244745,224,
CATGGA,0.5237136,225,
AACGGC,0.5234127,226,
GGAACG,0.5218257,227,
CTGACG,0.5215496,228,
GATGTC,0.5214907,229,
TGAAGC,0.5207993,230,
ACGTTC,0.519641,231,
CTCGGA,0.5195737,232,
GATTCG,0.5183849,233,
GATCGA,0.5179477,234,
CGATCG,0.516722,235,
AACGCC,0.5163793,236,
GGACAC,0.5161265,237,
GGAGTC,0.5157016,238,
GACTGC,0.5151228,239,
CGACTG,0.5149766,240,
TGAACG,0.5149125,241,
CGTCAA,0.5147938,242,
AGCGTC,0.5147148,243,
TCCGTC,0.514407,244,
TCCGGG,0.5139701,245,
GACGCA,0.5138682,246,
ACGTCT,0.5131897,247,
GACAAC,0.5128364,248,
CGATGA,0.512126,249,
GTGGAG,0.5116047,250,
ATCCGG,0.5114989,251,
TGACGG,0.5113187,252,
ACTGCG,0.5101872,253,
ACTACG,0.5095985,254,
GATGAA,0.5095577,255,
CTTCGA,0.5085689,256,
CTTCCG,0.5083621,257,
GAACGT,0.5075166,258,
GTTCGA,0.507506,259,
GGAGCC,0.5066915,260,
CTCCGA,0.506568,261,
GCGCGA,0.506171,262,
ATCCCG,0.5058895,263,
AGTTCG,0.5053776,264,
AGAAGC,0.5048624,265,
GAGAAC,0.5043588,266,
TTCAAC,0.5038788,267,
ACGGAA,0.5036778,268,
CAACGG,0.5027684,269,
CGCGAG,0.5026515,270,
CTACGG,0.5025796,271,
GACTCG,0.5024638,272,
TCGCAC,0.5020145,273,
TCGTCA,0.5018993,274,
TACGTC,0.5007829,275,
GGCGGA,0.4989063,276,
GTCGCG,0.4973156,277,
ACACGC,0.4970113,278,
ACGACT,0.4962344,279,
CGGGAG,0.4960549,280,
TCGGAT,0.4949392,281,
GACACG,0.4931685,282,
TCGCCT,0.4920545,283,
CTCGAC,0.4914693,284,
CGCGAT,0.4908182,285,
GAGACT,0.4901178,286,
GAAGAG,0.4897841,287,
TTCCGG,0.4887393,288,
GCTGAC,0.4879334,289,
CGTGAC,0.4877747,290,
ACAAGA,0.4876708,291,
GATCCG,0.4875437,292,
GACGTG,0.4874391,293,
TTCGGA,0.4873892,294,
CGGAAT,0.4872269,295,
ACCGCG,0.4868737,296,
GCCGCG,0.4865427,297,
CGCTCG,0.4865205,298,
CGGGAC,0.4862352,299,
GGAAGC,0.4862299,300,
CTCGTC,0.4855425,301,
CCGCGC,0.4854044,302,
ACGCGA,0.4852253,303,
GGAATC,0.4845909,304,
GCCGTC,0.4845777,305,
TCCTGC,0.4843276,306,
CCTCGG,0.482998,307,
CGGTCG,0.4829881,308,
GAGCGA,0.4827715,309,
TGGACA,0.482477,310,
TGACGT,0.4815253,311,
CTCCGT,0.4813397,312,
AACGAC,0.4811551,313,
TCCGGC,0.4802314,314,
GAGACC,0.4798256,315,
GGCGCC,0.479504,316,
GGACTG,0.4788621,317,
CGCCGT,0.4786905,318,
GCGAAC,0.4778662,319,
GAACTG,0.4772429,320,
GAGATC,0.477042,321,
TCGAAC,0.4768447,322,
CGTCCT,0.476571,323,
GAAGCT,0.4759604,324,
TTTCCG,0.4746051,325,
TCTCGC,0.4745355,326,
GCGATC,0.474275,327,
AACACG,0.4736274,328,
ACGAAC,0.473227,329,
TCGTTC,0.4726882,330,
GACTGA,0.4723033,331,
TCGTAC,0.4715336,332,
CGAGGA,0.4707745,333,
GACGGG,0.4704417,334,
AACCCG,0.4703306,335,
GAATCC,0.469506,336,
AATCGA,0.4684401,337,
GAAACG,0.4679999,338,
GAAGTT,0.4675232,339,
GAACAA,0.4673771,340,
TCGAGA,0.4668839,341,
CAGACG,0.4664708,342,
GGACAA,0.4660321,343,
GCTGTC,0.465974,344,
AAGATG,0.4652863,345,
TCAAGA,0.4643272,346,
GGATTC,0.4635873,347,
GAGAGC,0.4617352,348,
GCGCGG,0.4617311,349,
AGCGAC,0.4616812,350,
GCGGAA,0.4607575,351,
GCGGGA,0.4606491,352,
CGGCCG,0.4603811,353,
TTCGCA,0.4603162,354,
TGACCT,0.4590649,355,
TGAGGA,0.4587943,356,
AACCTG,0.4583104,357,
CTCCGC,0.4581405,358,
TGCGGA,0.4578732,359,
GATCGT,0.4575606,360,
AATCCG,0.4574375,361,
GATGAT,0.4563689,362,
GGCGCG,0.4553542,363,
CCGAAG,0.4553316,364,
GGAAAC,0.4553316,365,
CTCGCC,0.4551892,366,
TTGACG,0.4542693,367,
CCCGGA,0.4541291,368,
GAGTCC,0.4540872,369,
CCGGGC,0.4538234,370,
TTTCGC,0.4534971,371,
ATTCGC,0.4534452,372,
AGACCG,0.4530221,373,
ATTCCG,0.4529043,374,
GGACAT,0.4522676,375,
TGATGA,0.451145,376,
CGCCGA,0.4502099,377,
TACCGG,0.4497389,378,
ATGAAC,0.4494426,379,
TCACGC,0.4489038,380,
TCGAGC,0.4488269,381,
TGGACT,0.4486686,382,
AAGATT,0.4482534,383,
TCGGAA,0.4472086,384,
GCGTTC,0.4471348,385,
ATCCTG,0.4471204,386,
CCGTGG,0.4470377,387,
CGATCC,0.4470052,388,
AGAACG,0.4467227,389,
CGGACC,0.4465908,390,
TTCTTC,0.4460383,391,
GCTGCG,0.4455959,392,
CTACGC,0.445594,393,
CGCCTG,0.4454633,394,
GGATCC,0.4454429,395,
GACTTC,0.44478,396,
CGGACT,0.4441324,397,
CTCCTG,0.4436018,398,
GATCGG,0.4430412,399,
TGGCGA,0.44272,400,
ATGATC,0.4417455,401,
TTTCGA,0.4415733,402,
ACCTGC,0.4415366,403,
TCGGCC,0.441411,404,
GAACGG,0.441263,405,
GTCGCC,0.4412483,406,
AGCGGA,0.4404278,407,
GTCGGC,0.4404234,408,
AACCGG,0.4394285,409,
TACCGA,0.4390939,410,
CGGATC,0.4390514,411,
GACCTT,0.4380167,412,
CGTGCC,0.4366111,413,
TCGCGT,0.4361846,414,
TTCTAC,0.4360932,415,
CGTGGC,0.4357416,416,
GCCGAC,0.4353015,417,
AAGCGC,0.4352798,418,
TCGTGA,0.4347587,419,
GCGACT,0.433965,420,
CTGGAT,0.4339474,421,
GCGCCA,0.4337091,422,
CTCGGC,0.4317391,423,
CGGTCC,0.4306372,424,
CGGAGT,0.4301796,425,
GCCGGA,0.4278135,426,
GTTCGT,0.4275736,427,
GGAACT,0.4275472,428,
TCGACA,0.4275333,429,
TGGAGA,0.4273047,430,
AAGTCG,0.4271182,431,
CGAGGC,0.4270438,432,
TCGGTC,0.426582,433,
GGATAC,0.4263152,434,
TGAATC,0.4261481,435,
CCACGG,0.4257856,436,
TATCCG,0.4257053,437,
GAAATC,0.4255875,438,
TACGGA,0.4253101,439,
ACGGGA,0.4246459,440,
AAGACA,0.4241985,441,
TGTTCG,0.4236442,442,
AGAAGT,0.4234681,443,
CTGCGT,0.4232327,444,
CGATGG,0.4221627,445,
ATGCCG,0.4220552,446,
GTCCGG,0.4218921,447,
TCGCCA,0.4218338,448,
TGGCGC,0.4218272,449,
TCGGGA,0.4212587,450,
TTGCGA,0.4210282,451,
TTCGAA,0.420868,452,
CGGGAT,0.4197003,453,
CATCGG,0.4196431,454,
AAAGGA,0.4181958,455,
CGTGTC,0.4180381,456,
AAGCGA,0.4179735,457,
CGCTGC,0.4179201,458,
GAACAC,0.4174632,459,
GGATGC,0.4169906,460,
AATCCT,0.4169333,461,
TCTGAC,0.4167296,462,
CCTGCT,0.4164149,463,
AACTCG,0.4162857,464,
TTACCG,0.4158134,465,
ACTCCT,0.415697,466,
GGAACA,0.415167,467,
ACGACC,0.4147181,468,
GACTAC,0.4144607,469,
TGGATG,0.4143451,470,
CCTTCG,0.4142047,471,
CAACGT,0.4138102,472,
AACTTC,0.4138046,473,
GACAGA,0.4136507,474,
AGCGCG,0.4134598,475,
CTTCGT,0.4133421,476,
GACCAA,0.4124191,477,
GCTTCG,0.4124191,478,
CAAGAG,0.4113516,479,
CCGCGT,0.4111695,480,
CGCATC,0.409956,481,
GAGGAA,0.4097251,482,
GGAGGA,0.4092621,483,
GCCGGG,0.4090817,484,
AAACGA,0.4083026,485,
CCAACG,0.4081647,486,
CGTACG,0.4078081,487,
ATGCGC,0.4076469,488,
CCTGGA,0.406891,489,
GAATAC,0.4057476,490,
CGTGAA,0.4056348,491,
GACGGT,0.4054119,492,
GGCGAA,0.4052909,493,
ACGAAG,0.4047467,494,
CGAACC,0.4046003,495,
TCGTGG,0.4041195,496,
AACCAA,0.4034116,497,
TCCCGG,0.4014601,498,
CGTCAC,0.4007964,499,
GTCCTG,0.4004026,500,
GAGTCG,0.4000254,501,
GATCCA,0.3997372,502,
CGAGTC,0.3989491,503,
AAACGC,0.3985642,504,
GGCAAG,0.3975776,505,
ATGTCG,0.3971522,506,
GACTCT,0.396927,507,
CGCTTC,0.3968708,508,
AAGACC,0.3966926,509,
TTCGAG,0.3965095,510,
GGACGG,0.3956923,511,
AATCGC,0.3955623,512,
CCGTCC,0.3954179,513,
TGGAAG,0.395116,514,
CGTTCC,0.394966,515,
GTCGGA,0.3941768,516,
AAGAGC,0.3940998,517,
AGGACG,0.3938553,518,
CGCGCT,0.39309,519,
ACAGAC,0.3928683,520,
TTGTCG,0.3927763,521,
ATGGAA,0.3927617,522,
CGGGAA,0.3922956,523,
AGAGAA,0.3921844,524,
AGGACT,0.3919125,525,
GATCGC,0.3919125,526,
GCAACG,0.391648,527,
AAGATA,0.3910728,528,
GGATGA,0.3909258,529,
CCATCG,0.390682,530,
TACGGC,0.3906361,531,
AAAGAC,0.3901743,532,
CACCGG,0.3901032,533,
ATCGGG,0.3900915,534,
CGAGAG,0.3900875,535,
CAGAAG,0.3900749,536,
GATACG,0.3893478,537,
GTGGAT,0.3893325,538,
ACTCGC,0.3890966,539,
ATGGCG,0.388449,540,
TTCACG,0.3883449,541,
GGATCG,0.3880434,542,
TTCCTG,0.3875103,543,
CGGGCA,0.3874509,544,
ACGCTC,0.3869414,545,
CCGCCG,0.3868273,546,
AACGAT,0.3859664,547,
CGCAAC,0.3856329,548,
AATGGA,0.3855688,549,
CCCGGG,0.3855314,550,
TCTCGA,0.3854036,551,
CGGAGG,0.3854013,552,
GATCTG,0.3848529,553,
TGAAGT,0.3844598,554,
GACCTC,0.3844357,555,
GAAACT,0.3832463,556,
TTGCGC,0.3831216,557,
TTCTCG,0.3826691,558,
CCTACG,0.3816978,559,
AAGTCT,0.3813155,560,
ACGGAG,0.3811978,561,
TGTGAA,0.3805193,562,
GACCAT,0.3802909,563,
GAGGCC,0.3799677,564,
ACGCTG,0.3798779,565,
TGAGAC,0.3789433,566,
AGGATC,0.3786285,567,
CCTCGA,0.3780958,568,
CTCCCG,0.3776065,569,
GCGCAC,0.3753105,570,
CCTCGC,0.3740053,571,
CATGAA,0.3730096,572,
GACGTA,0.3724707,573,
CGGATT,0.3722492,574,
AGACTG,0.3721042,575,
ACGCCA,0.3719574,576,
GGACCC,0.371695,577,
ACCACG,0.3708951,578,
AGAACT,0.3701886,579,
AGAATC,0.3682373,580,
GTTTCG,0.3674771,581,
ATGACT,0.3673039,582,
CGTCAT,0.3671273,583,
GAGCCG,0.3669915,584,
AGAGAT,0.3668329,585,
CTACGA,0.3662841,586,
CGTGGG,0.3662528,587,
GTTGCG,0.3659059,588,
AGTCGC,0.3652353,589,
CCCTCG,0.3649421,590,
CGGTAC,0.3636959,591,
GGACCA,0.3635734,592,
ACGCGT,0.3630062,593,
GAACCA,0.3629626,594,
ACGGCC,0.3627825,595,
GTGAGA,0.3626888,596,
TGTCGA,0.3619561,597,
TCTCCT,0.3618876,598,
GTGAAC,0.3617762,599,
GTTGAC,0.3616771,600,
AACGCT,0.3614755,601,
ACGATG,0.3612823,602,
GGAGGC,0.3612102,603,
GAACAT,0.3607947,604,
TGGATC,0.3591663,605,
ACGGGC,0.3591562,606,
GCGGTC,0.3588851,607,
CCGGGG,0.3583052,608,
ATACGC,0.3582309,609,
GCGAAG,0.3582206,610,
CGGTTC,0.358077,611,
CCGAGG,0.3580013,612,
TGCCGG,0.357492,613,
CGCGTG,0.3574773,614,
GGACTC,0.3571127,615,
TGCGAC,0.3569121,616,
GAAGCA,0.3565375,617,
CCGGAT,0.356536,618,
TCAAGC,0.3563066,619,
CTACCG,0.3559415,620,
TCGCTC,0.3558448,621,
CCGTGA,0.3556284,622,
AAGCCG,0.3552939,623,
GAGAGA,0.3546902,624,
AAAGAA,0.3546123,625,
TTGGCG,0.3545935,626,
TACGCC,0.3543222,627,
GAATCT,0.3543119,628,
ATGTTC,0.3538435,629,
GTTCGG,0.3536115,630,
GCGAGA,0.3534586,631,
CGTCTC,0.3529968,632,
CAAGCG,0.3529545,633,
ACAAGC,0.3529198,634,
CGAAGT,0.3528213,635,
CGCCGC,0.352535,636,
GTCATC,0.352468,637,
CGAATC,0.352381,638,
ACCTGG,0.3522403,639,
TCGCCC,0.3521467,640,
ACGTGG,0.3520971,641,
GCTACG,0.3511181,642,
AACATC,0.3508416,643,
ACACGG,0.3501741,644,
GAATTC,0.3498776,645,
TCGGGC,0.3498292,646,
TCCCCG,0.3497599,647,
CGCGCA,0.3496101,648,
AATGAC,0.3493022,649,
CAGAGA,0.3491004,650,
GAACTC,0.3482881,651,
CTACGT,0.3481703,652,
TCTTCA,0.3480539,653,
CGAGAT,0.347876,654,
ATTGGA,0.3473869,655,
CCGTCA,0.3467375,656,
GAAAGA,0.3459154,657,
GCGGAG,0.345684,658,
GGAGAA,0.3456548,659,
AACGTT,0.3442259,660,
TTCGAT,0.3441221,661,
CACGGG,0.3435548,662,
GCAGAA,0.3426264,663,
TCAGCG,0.3425186,664,
GACCGC,0.3419887,665,
ATCGGA,0.3417178,666,
GAAACC,0.3403585,667,
GGAGCG,0.339415,668,
TGAACT,0.3390837,669,
GGACTT,0.3382237,670,
AGGAAC,0.3382182,671,
GACCAG,0.3380484,672,
TGAGAA,0.3380469,673,
ATGAAG,0.3379854,674,
GTTGCC,0.3376272,675,
GCCCGG,0.3372202,676,
TCGATG,0.3368361,677,
CCGCTG,0.3368109,678,
GCTGCT,0.3367101,679,
CCGTCT,0.3366859,680,
TACCTG,0.3366111,681,
GGAGAT,0.3363555,682,
AGGAGC,0.3362169,683,
TCCTGG,0.3353836,684,
GTGACC,0.3352137,685,
CGGGCG,0.3350418,686,
ACTGAC,0.3347545,687,
CAAGTC,0.3342938,688,
TTCGTG,0.3341409,689,
CTGCTC,0.3340737,690,
ATCGGC,0.3337538,691,
CTGCTG,0.3333175,692,
TGGAAA,0.3325897,693,
CCTGCA,0.3322882,694,
ACAGCG,0.3322159,695,
GAGGCG,0.3320033,696,
GCGAGC,0.331274,697,
TTACGC,0.331186,698,
AGATCG,0.3309796,699,
ATGCCT,0.3308619,700,
CGAAAC,0.3307519,701,
TTGATC,0.3303918,702,
TCATCT,0.3294489,703,
TGTGAC,0.329326,704,
GAGATG,0.3266078,705,
TGGAAT,0.3262952,706,
TTCGGG,0.3261263,707,
ATGACC,0.3253847,708,
GTCTTC,0.324798,709,
ACGAGC,0.3246711,710,
AACCCT,0.3235617,711,
GACTGT,0.3233277,712,
TGGATT,0.323312,713,
AGTGAC,0.3232087,714,
ACGCCC,0.3231747,715,
TCTTCT,0.3229141,716,
CTCGGG,0.3227183,717,
CCCGTG,0.3225372,718,
TCTGCA,0.3220696,719,
ATCTCG,0.3218544,720,
AATTCG,0.3213834,721,
CGAACT,0.3213834,722,
TGGCGT,0.3209399,723,
CGGGGA,0.3196611,724,
CCCGAG,0.3196451,725,
GCGATG,0.3195329,726,
ATACCG,0.319264,727,
TGACTG,0.3189257,728,
ACCCGA,0.3178413,729,
CCCTGC,0.3174792,730,
ACCCGG,0.3171909,731,
CTGGCG,0.3168502,732,
CCACGA,0.316781,733,
GGCGAT,0.3163734,734,
AAGAGT,0.3162026,735,
CGCGTT,0.3159671,736,
TTGGAC,0.314818,737,
AGAAAC,0.3147418,738,
TCGGAG,0.314672,739,
AATCGT,0.3144365,740,
TACATC,0.313972,741,
ATCGAT,0.3124348,742,
GTCGGG,0.3121421,743,
TGTCGG,0.3117005,744,
AACTAC,0.3115089,745,
TGCGCG,0.3112813,746,
TCGCTG,0.3109169,747,
CGTGAT,0.3106098,748,
TTGAAC,0.3098109,749,
CTGCCT,0.3096678,750,
AAACCT,0.3095501,751,
GAGAAT,0.3091227,752,
TGCGCC,0.3091135,753,
AGACGG,0.3089121,754,
CTTCTG,0.3088712,755,
CCGAAC,0.3086368,756,
AAAGCG,0.3085492,757,
GTGGCG,0.3082903,758,
TCCGAG,0.3080782,759,
GTCTGC,0.3078484,760,
CTCGAG,0.3078428,761,
TTCGCT,0.3076391,762,
ACTACT,0.3076073,763,
TTACGA,0.307009,764,
AAGGCG,0.3062532,765,
GCAACA,0.3059169,766,
GAGCGT,0.3048326,767,
ACTGTC,0.3045045,768,
CACGGA,0.3036449,769,
GAAAAC,0.3033684,770,
GAGAAA,0.3023493,771,
CACGTC,0.3023175,772,
GCGTCT,0.3021155,773,
CGCTAC,0.3020414,774,
TACCCG,0.3019554,775,
GGCGGC,0.3016901,776,
CCCACG,0.3015388,777,
ATTTCG,0.3013668,778,
TGGCGG,0.3005538,779,
AGAGTC,0.2996553,780,
CGCCCT,0.2992474,781,
ATGGAT,0.2990776,782,
TGGAGC,0.298979,783,
ACACTC,0.2989625,784,
ACACCT,0.298953,785,
GGCGCA,0.2987608,786,
TACACG,0.2986587,787,
GAGCCA,0.2985125,788,
GCGCCT,0.2983021,789,
TGCGGG,0.2981737,790,
CTTCCT,0.2980699,791,
GATCAT,0.2980637,792,
CGCCAG,0.2979793,793,
TGAGCG,0.2977747,794,
GAAAGC,0.2976578,795,
GAACTT,0.2973964,796,
CAATCG,0.2966517,797,
TCGAAG,0.2965393,798,
CGCGGT,0.2960094,799,
AAACCG,0.2951263,800,
AATGCG,0.2949497,801,
AAACGT,0.2936545,802,
AGATCT,0.2934779,803,
TGACCA,0.2932164,804,
CGTGGT,0.2921238,805,
AAGTTC,0.292112,806,
CAAACG,0.2920078,807,
GGGACC,0.2917486,808,
ATGCGG,0.2911349,809,
TTTCGT,0.2906723,810,
CGGGGC,0.2905977,811,
ATCGCC,0.2901624,812,
ACTCGG,0.2899893,813,
CGTTGG,0.2896416,814,
GCGGGC,0.289323,815,
GATGTT,0.2890545,816,
GCGCCC,0.2890333,817,
CACGCG,0.2887905,818,
CCGGAC,0.2879524,819,
CGACCT,0.287885,820,
GACAAG,0.2876244,821,
AACGGG,0.2876126,822,
ATTGCG,0.2874729,823,
GCGTGG,0.2873174,824,
TCGGCT,0.2870019,825,
TGGGAC,0.2863302,826,
TTCTGC,0.2863081,827,
ACGTAC,0.2860312,828,
TAACCG,0.2860011,829,
AACCTC,0.2858773,830,
ATCTGC,0.2858548,831,
CGACAT,0.2857656,832,
AAGCGG,0.2857138,833,
GCGCGT,0.2850504,834,
CTCGAT,0.284647,835,
CCTCGT,0.2844198,836,
GATTGA,0.2843378,837,
CAACTC,0.2836014,838,
GCTCCG,0.2831437,839,
CGATGC,0.2831411,840,
TCTCGG,0.2829521,841,
GGCAAC,0.2828099,842,
CAACAC,0.2824618,843,
CGAGCC,0.2813223,844,
TGACTC,0.2812878,845,
CCCGAA,0.281164,846,
TTGCGG,0.281142,847,
GACACT,0.2805696,848,
CGCACC,0.2804935,849,
TGTCGT,0.2801706,850,
ATGAAT,0.2787598,851,
ACCCGT,0.2785147,852,
GGCGTT,0.2784671,853,
AGTCCG,0.2772291,854,
TGCGTC,0.277213,855,
GCCTCG,0.2771852,856,
CGTACC,0.2767296,857,
CCTGGG,0.2765241,858,
GAGTAC,0.275875,859,
GTTCAC,0.27541,860,
CCGATG,0.2750766,861,
TCAACT,0.274992,862,
TTGACC,0.2748382,863,
GATCCT,0.2747541,864,
TTCCGC,0.2747267,865,
TGGAGT,0.2746071,866,
TTTGCG,0.2742823,867,
ATTCGG,0.2742169,868,
TCATCC,0.2741052,869,
TCCGTG,0.2737668,870,
CATGAC,0.2736908,871,
CGAAGG,0.2735418,872,
GATTCT,0.2733717,873,
ACCCGC,0.2726218,874,
CTGTGA,0.272404,875,
AAATCG,0.2709886,876,
GCAGAC,0.2708983,877,
GAGTCT,0.270893,878,
CAACTG,0.2704928,879,
GAGCTG,0.2702733,880,
TCACCT,0.2699878,881,
CCCGCT,0.2698422,882,
CAACAA,0.2688024,883,
TACTCG,0.2682805,884,
ACTGAT,0.2679861,885,
CACGCC,0.2679564,886,
TGAACA,0.2670403,887,
GTTGTC,0.2666593,888,
CTGAAG,0.2662788,889,
ACTCGT,0.26622,890,
CAATGA,0.266039,891,
AATCGG,0.2659727,892,
GGGACG,0.2659039,893,
AACGTG,0.265359,894,
ACATCT,0.265278,895,
CTCTCG,0.264336,896,
CTGACC,0.2637802,897,
CCCGAC,0.2636574,898,
GTCGTG,0.2634822,899,
ACTTCT,0.263453,900,
CTCTGC,0.2630738,901,
TGAAAC,0.262986,902,
TTCGTT,0.262961,903,
CCGAGA,0.2628752,904,
CAGCGG,0.2624056,905,
GACATG,0.2621202,906,
GAGGTC,0.26204,907,
TTGCCT,0.2616862,908,
GATGCT,0.2615407,909,
TTGGAT,0.2613524,910,
CGGTCT,0.2612747,911,
GCCTGC,0.2603486,912,
CGCTCC,0.2601889,913,
GTCCCG,0.2597387,914,
CTGCAC,0.2597325,915,
TGGCAA,0.2589675,916,
ATCACG,0.2585077,917,
ACTGCT,0.2584932,918,
GTTACC,0.2576608,919,
AGTCGT,0.2573302,920,
AGCCGG,0.2572989,921,
TTCAAG,0.2571335,922,
AACACT,0.2562117,923,
TCGAGG,0.2555396,924,
TCGTGT,0.255152,925,
ACAGAT,0.2541511,926,
AGTTTC,0.2540959,927,
GCATGA,0.2527039,928,
TCACGG,0.2525119,929,
ACGTTG,0.2524914,930,
GAGCGG,0.2523023,931,
TGAACC,0.2516984,932,
GCAAAC,0.2508932,933,
TTTTCG,0.2508506,934,
GGCTTC,0.2506381,935,
GCGCTG,0.2505809,936,
TGATCT,0.2500311,937,
CAGGAC,0.2497949,938,
CTCGTG,0.2496888,939,
CGGCTG,0.2489524,940,
GTGATC,0.2489349,941,
TTCCGA,0.2488981,942,
GTCCAG,0.2486918,943,
GGAAGT,0.2486836,944,
GCAACT,0.2482765,945,
CGCTGT,0.247734,946,
TCTGCC,0.2476885,947,
GCAATC,0.2473979,948,
GAGAGT,0.2471067,949,
GAGGAG,0.2468684,950,
TCCCTG,0.2467635,951,
GAAGTG,0.2467218,952,
GTTCTC,0.2464807,953,
AGGACC,0.2457202,954,
GCAAGT,0.2451104,955,
GAGAAG,0.244771,956,
GACATT,0.2445326,957,
GGATTG,0.2439838,958,
GGAATT,0.2419146,959,
CGGGCC,0.2416799,960,
CCGTTG,0.2411381,961,
GTACCG,0.2408145,962,
TTGCGT,0.2401667,963,
TTATCG,0.2380421,964,
GAGATT,0.2368104,965,
TCGGGG,0.2367949,966,
GTGAAA,0.2365131,967,
CTGATG,0.2351029,968,
GTGATG,0.2345816,969,
AAGCTG,0.2345506,970,
TGTCCG,0.2337018,971,
CGAGGG,0.2333983,972,
GATACC,0.2322145,973,
TCTGCT,0.2321345,974,
CATCGC,0.2315967,975,
ACATCC,0.2312514,976,
TTGTTC,0.2303536,977,
TACGGG,0.2300758,978,
CAAAGA,0.2297147,979,
TTCACC,0.2294273,980,
GGATGT,0.2291347,981,
TGCTGC,0.228846,982,
TGACAA,0.2287535,983,
ATGGAG,0.2285482,984,
AATCTG,0.2281679,985,
GTCTCG,0.2262758,986,
GTTACG,0.2258304,987,
GATACT,0.2249888,988,
CGCCCA,0.2249677,989,
CCGCTC,0.2243451,990,
CAACGA,0.2240678,991,
GTTCAA,0.2236075,992,
GATTCC,0.2234428,993,
TCAACC,0.2221696,994,
GTGACT,0.2214593,995,
CCGGTC,0.220961,996,
TTACCT,0.2207718,997,
CGACCC,0.2190272,998,
TGTCGC,0.2186128,999,
CGTCCC,0.2181984,1000,
CCGAGC,0.2160229,1001,
TCGTGC,0.2159908,1002,
TATCGG,0.2153413,1003,
GCCGTG,0.2149793,1004,
TGATGG,0.2149318,1005,
CATCTG,0.2148392,1006,
TTCTGA,0.2148165,1007,
ACGAGG,0.2146663,1008,
CTGTCC,0.2141237,1009,
TTTCGG,0.2141138,1010,
ATCGTG,0.2139912,1011,
CAGTCG,0.2126679,1012,
GTTCCG,0.212091,1013,
GGACTA,0.2120173,1014,
CAAGCT,0.2120001,1015,
GGGAAC,0.2113931,1016,
GGTCGC,0.2113324,1017,
CCGAGT,0.2108467,1018,
GAGTTC,0.2097033,1019,
GGCAGA,0.2095575,1020,
AACTGC,0.2092708,1021,
CAAGGC,0.2089785,1022,
GGAATG,0.2083129,1023,
ATGCTG,0.2077722,1024,
CAGAAT,0.2069617,1025,
CGAATG,0.206913,1026,
TTGGAA,0.2063261,1027,
CCTCTG,0.2055791,1028,
GATGCA,0.2046396,1029,
CCGTGC,0.2045091,1030,
TGTTCC,0.2042386,1031,
GCAGCG,0.2041404,1032,
GGCCGA,0.2040404,1033,
AGTTCA,0.2039793,1034,
ACGGGG,0.2038036,1035,
ACTGCA,0.2032529,1036,
GGCCGC,0.2020143,1037,
TTCAGC,0.2004837,1038,
GGTGAC,0.2003753,1039,
CAGAAC,0.2000348,1040,
GTGAAT,0.1989778,1041,
GACTGG,0.1988621,1042,
GACTCC,0.1978258,1043,
TGACAT,0.1978258,1044,
GAATGC,0.1970084,1045,
CCCCGC,0.1965894,1046,
CCGTTC,0.196478,1047,
CAACAT,0.1961261,1048,
ACCGTG,0.1955389,1049,
GCAAGC,0.1954641,1050,
ACGTGC,0.1950095,1051,
TGGCCG,0.1945682,1052,
GGGAGC,0.1943353,1053,
ACTCTG,0.1940864,1054,
GGATCA,0.1938536,1055,
AGATGC,0.1935027,1056,
CCACGT,0.1934247,1057,
CACCCG,0.1931819,1058,
GGAGCA,0.1929558,1059,
CCGACC,0.1929281,1060,
ATACGG,0.1928181,1061,
GGCTGA,0.1921961,1062,
TCCGCC,0.192127,1063,
AGTTAC,0.192107,1064,
AGATCC,0.1918508,1065,
CCCCGG,0.1917444,1066,
CGTTGC,0.1909032,1067,
TGAAAT,0.1899039,1068,
CAGATG,0.1895281,1069,
GGGCGC,0.1893879,1070,
TCGTTG,0.1889926,1071,
CAACCT,0.1885381,1072,
ATTCTG,0.188297,1073,
GTGTCG,0.1882745,1074,
GGCGTG,0.1882744,1075,
GGCGCT,0.1877356,1076,
TGTACG,0.1877186,1077,
ATGATG,0.1871651,1078,
AGGATG,0.1869878,1079,
TGATGT,0.1865652,1080,
CGTGCA,0.1864544,1081,
CATTCG,0.1860492,1082,
CATCCG,0.1837425,1083,
TTGCTG,0.183509,1084,
CCATGG,0.1826293,1085,
CTACTG,0.1815462,1086,
AGCGGG,0.1814636,1087,
CCGTGT,0.1804038,1088,
GTTTCC,0.1799836,1089,
GTTGGC,0.1795246,1090,
GCTGCC,0.1788558,1091,
GCGGGG,0.1784746,1092,
AAACGG,0.1772093,1093,
AGTTGC,0.1763711,1094,
GGAAAT,0.1762554,1095,
GTTGGA,0.1752308,1096,
GTTGAA,0.1746702,1097,
GCCTGG,0.1741378,1098,
TGATCC,0.1724131,1099,
TGTGAG,0.170895,1100,
TTCTCC,0.1704978,1101,
CTGTGG,0.169306,1102,
TGGCTG,0.1692689,1103,
GGCGAG,0.1689449,1104,
GGCTGT,0.1685929,1105,
GACTTG,0.1684627,1106,
TGAAGG,0.166069,1107,
GTTCTG,0.1650662,1108,
CGAGTG,0.164935,1109,
GCACGG,0.1644473,1110,
TCTCTG,0.1641167,1111,
GTACGG,0.1623336,1112,
GTTCAT,0.1622252,1113,
ACACTG,0.1600867,1114,
AGTCGG,0.1598617,1115,
AGTTCT,0.1575431,1116,
AGAATG,0.156834,1117,
TGGTCG,0.1556312,1118,
ACCCTG,0.1550782,1119,
TGCCTG,0.1541946,1120,
CACCTG,0.1538148,1121,
GTGGGA,0.1528395,1122,
AGCTGC,0.1518185,1123,
CCTGCC,0.1509248,1124,
GGCTGC,0.1507799,1125,
GCTCGG,0.1502836,1126,
GCGTTG,0.1492999,1127,
CGATTG,0.1491421,1128,
GTTATC,0.1487361,1129,
CCTGTG,0.1485828,1130,
GGCGGG,0.1478141,1131,
GTTCCA,0.146334,1132,
ATCCAG,0.145485,1133,
GAATTG,0.1422061,1134,
GTTTTC,0.1420678,1135,
CGGCCA,0.141877,1136,
CCTTGG,0.1412827,1137,
TGATGC,0.1396745,1138,
CGTGCT,0.1395264,1139,
ACCCTC,0.1368873,1140,
TGGTCC,0.1357273,1141,
CCCTGG,0.133993,1142,
CCGGTG,0.1336585,1143,
GAGTTG,0.1315191,1144,
TACTGC,0.1314442,1145,
GATGGG,0.1305538,1146,
TGAATG,0.1305397,1147,
GGCCGG,0.1290163,1148,
GCGTGC,0.1282423,1149,
CCCCCG,0.128223,1150,
GGCCTG,0.1276935,1151,
GGCAAA,0.1276528,1152,
GTGTGA,0.1248205,1153,
CATCCA,0.1245938,1154,
GATTGC,0.122967,1155,
TGGATA,0.1225647,1156,
ACCCCG,0.1219181,1157,
ATGCCA,0.1214342,1158,
GCAGCA,0.1198829,1159,
GCAGGA,0.1197625,1160,
GTGACA,0.1191889,1161,
AATGGC,0.1189954,1162,
AGTTGA,0.1189049,1163,
CCCTCC,0.1153256,1164,
CTGGGA,0.1150972,1165,
GCTGCA,0.1148619,1166,
CCCGGT,0.1148193,1167,
CCCCTG,0.1140457,1168,
GGCAAT,0.1121597,1169,
TGTGAT,0.1106145,1170,
GCAATG,0.1066783,1171,
GCAACC,0.105704,1172,
CGGGGG,0.1023562,1173,
TGGAGG,0.1005966,1174,
CATGGG,0.1005811,1175,
GCATGG,0.09735456,1176,
TGGGAG,0.07671111,1177,
GGCATG,0.07381293,1178,
GCCAGA,0.07223214,1179,
TGTGGC,0.06264286,1180,
ATGGGA,0.05366474,1181,
TCCAGA,0.05335531,1182,
AAAAAA,0,1183,
AAAAAC,0,1184,
AAAAAG,0,1185,
AAAACA,0,1186,
AAAACC,0,1187,
AAAACG,0,1188,
AAAACT,0,1189,
AAAAGA,0,1190,
AAAAGC,0,1191,
AAAAGT,0,1192,
AAAATA,0,1193,
AAAATC,0,1194,
AAACAA,0,1195,
AAACAC,0,1196,
AAACAG,0,1197,
AAACAT,0,1198,
AAACCA,0,1199,
AAACTA,0,1200,
AAACTC,0,1201,
AAACTG,0,1202,
AAACTT,0,1203,
AAAGAG,0,1204,
AAAGAT,0,1205,
AAAGCA,0,1206,
AAAGCC,0,1207,
AAAGCT,0,1208,
AAAGGC,0,1209,
AAAGGT,0,1210,
AAAGTA,0,1211,
AAAGTC,0,1212,
AAAGTG,0,1213,
AAAGTT,0,1214,
AAATAA,0,1215,
AAATAC,0,1216,
AAATCA,0,1217,
AAATCC,0,1218,
AAATCT,0,1219,
AAATGA,0,1220,
AAATGG,0,1221,
AAATGT,0,1222,
AAATTA,0,1223,
AAATTC,0,1224,
AACAAA,0,1225,
AACAAG,0,1226,
AACAAT,0,1227,
AACACA,0,1228,
AACACC,0,1229,
AACAGC,0,1230,
AACAGT,0,1231,
AACATA,0,1232,
AACATG,0,1233,
AACATT,0,1234,
AACCAC,0,1235,
AACCAG,0,1236,
AACCAT,0,1237,
AACCGA,0,1238,
AACCGC,0,1239,
AACCGT,0,1240,
AACCTA,0,1241,
AACCTT,0,1242,
AACGAA,0,1243,
AACGAG,0,1244,
AACGCA,0,1245,
AACGGT,0,1246,
AACGTA,0,1247,
AACTAA,0,1248,
AACTAT,0,1249,
AACTCA,0,1250,
AACTCC,0,1251,
AACTCT,0,1252,
AACTGA,0,1253,
AACTGG,0,1254,
AACTGT,0,1255,
AACTTA,0,1256,
AACTTG,0,1257,
AACTTT,0,1258,
AAGAGG,0,1259,
AAGCAA,0,1260,
AAGCAC,0,1261,
AAGCAG,0,1262,
AAGCAT,0,1263,
AAGCCA,0,1264,
AAGCCC,0,1265,
AAGCCT,0,1266,
AAGCGT,0,1267,
AAGCTA,0,1268,
AAGCTC,0,1269,
AAGCTT,0,1270,
AAGGAG,0,1271,
AAGGCA,0,1272,
AAGGCC,0,1273,
AAGGCT,0,1274,
AAGGGT,0,1275,
AAGGTA,0,1276,
AAGGTC,0,1277,
AAGGTT,0,1278,
AAGTAA,0,1279,
AAGTAC,0,1280,
AAGTAT,0,1281,
AAGTCA,0,1282,
AAGTCC,0,1283,
AAGTGA,0,1284,
AAGTGC,0,1285,
AAGTGT,0,1286,
AAGTTA,0,1287,
AAGTTG,0,1288,
AAGTTT,0,1289,
AATAAC,0,1290,
AATACA,0,1291,
AATACC,0,1292,
AATACG,0,1293,
AATACT,0,1294,
AATAGA,0,1295,
AATAGC,0,1296,
AATATC,0,1297,
AATCAA,0,1298,
AATCAC,0,1299,
AATCAG,0,1300,
AATCAT,0,1301,
AATCCA,0,1302,
AATCTA,0,1303,
AATCTC,0,1304,
AATCTT,0,1305,
AATGAA,0,1306,
AATGAG,0,1307,
AATGAT,0,1308,
AATGCC,0,1309,
AATGCT,0,1310,
AATGTA,0,1311,
AATGTC,0,1312,
AATGTG,0,1313,
AATGTT,0,1314,
AATTAA,0,1315,
AATTAC,0,1316,
AATTCA,0,1317,
AATTCT,0,1318,
AATTGA,0,1319,
AATTGG,0,1320,
AATTGT,0,1321,
AATTTA,0,1322,
AATTTC,0,1323,
AATTTT,0,1324,
ACAAAA,0,1325,
ACAAAC,0,1326,
ACAAAG,0,1327,
ACAAAT,0,1328,
ACAACA,0,1329,
ACAACC,0,1330,
ACAACT,0,1331,
ACAAGG,0,1332,
ACAAGT,0,1333,
ACAATA,0,1334,
ACAATC,0,1335,
ACAATG,0,1336,
ACAATT,0,1337,
ACACAA,0,1338,
ACACAC,0,1339,
ACACAG,0,1340,
ACACAT,0,1341,
ACACCC,0,1342,
ACACGA,0,1343,
ACACGT,0,1344,
ACACTT,0,1345,
ACAGAA,0,1346,
ACAGAG,0,1347,
ACAGCA,0,1348,
ACAGCC,0,1349,
ACAGCT,0,1350,
ACAGGA,0,1351,
ACAGGC,0,1352,
ACAGTA,0,1353,
ACAGTC,0,1354,
ACAGTT,0,1355,
ACATAA,0,1356,
ACATAC,0,1357,
ACATCA,0,1358,
ACATGA,0,1359,
ACATGC,0,1360,
ACATGG,0,1361,
ACATGT,0,1362,
ACATTA,0,1363,
ACATTC,0,1364,
ACATTG,0,1365,
ACATTT,0,1366,
ACCAAA,0,1367,
ACCAAC,0,1368,
ACCAAG,0,1369,
ACCAAT,0,1370,
ACCACA,0,1371,
ACCACT,0,1372,
ACCAGA,0,1373,
ACCAGC,0,1374,
ACCAGG,0,1375,
ACCAGT,0,1376,
ACCATC,0,1377,
ACCATG,0,1378,
ACCATT,0,1379,
ACCGAA,0,1380,
ACCGAC,0,1381,
ACCGAG,0,1382,
ACCGAT,0,1383,
ACCGCA,0,1384,
ACCGCC,0,1385,
ACCGCT,0,1386,
ACCGGA,0,1387,
ACCGGC,0,1388,
ACCGGT,0,1389,
ACCGTA,0,1390,
ACCGTC,0,1391,
ACCGTT,0,1392,
ACCTAC,0,1393,
ACCTCA,0,1394,
ACCTCC,0,1395,
ACCTCT,0,1396,
ACCTGA,0,1397,
ACCTGT,0,1398,
ACCTTA,0,1399,
ACCTTC,0,1400,
ACCTTG,0,1401,
ACCTTT,0,1402,
ACGAAA,0,1403,
ACGAAT,0,1404,
ACGACA,0,1405,
ACGAGA,0,1406,
ACGAGT,0,1407,
ACGATA,0,1408,
ACGATT,0,1409,
ACGCAA,0,1410,
ACGCAC,0,1411,
ACGCAG,0,1412,
ACGCAT,0,1413,
ACGCTA,0,1414,
ACGCTT,0,1415,
ACGGCA,0,1416,
ACGGCT,0,1417,
ACGGGT,0,1418,
ACGGTA,0,1419,
ACGGTG,0,1420,
ACGGTT,0,1421,
ACGTAA,0,1422,
ACGTAT,0,1423,
ACGTCA,0,1424,
ACGTGA,0,1425,
ACGTGT,0,1426,
ACGTTA,0,1427,
ACGTTT,0,1428,
ACTAAC,0,1429,
ACTACA,0,1430,
ACTAGA,0,1431,
ACTAGC,0,1432,
ACTATC,0,1433,
ACTATG,0,1434,
ACTCAA,0,1435,
ACTCAC,0,1436,
ACTCAG,0,1437,
ACTCAT,0,1438,
ACTCCC,0,1439,
ACTCGA,0,1440,
ACTCTC,0,1441,
ACTCTT,0,1442,
ACTGAA,0,1443,
ACTGAG,0,1444,
ACTGCC,0,1445,
ACTGGA,0,1446,
ACTGGC,0,1447,
ACTGGG,0,1448,
ACTGGT,0,1449,
ACTGTA,0,1450,
ACTGTG,0,1451,
ACTGTT,0,1452,
ACTTAC,0,1453,
ACTTAT,0,1454,
ACTTCA,0,1455,
ACTTCC,0,1456,
ACTTGA,0,1457,
ACTTGG,0,1458,
ACTTGT,0,1459,
ACTTTC,0,1460,
AGAAAA,0,1461,
AGAAAG,0,1462,
AGAAAT,0,1463,
AGAACA,0,1464,
AGAACC,0,1465,
AGAAGG,0,1466,
AGAATA,0,1467,
AGAATT,0,1468,
AGACAA,0,1469,
AGACAC,0,1470,
AGACAG,0,1471,
AGACAT,0,1472,
AGACCA,0,1473,
AGACCC,0,1474,
AGACTA,0,1475,
AGACTC,0,1476,
AGACTT,0,1477,
AGAGAG,0,1478,
AGAGCA,0,1479,
AGAGCC,0,1480,
AGAGCG,0,1481,
AGAGCT,0,1482,
AGAGGC,0,1483,
AGAGGT,0,1484,
AGAGTA,0,1485,
AGAGTG,0,1486,
AGAGTT,0,1487,
AGATAA,0,1488,
AGATAC,0,1489,
AGATAT,0,1490,
AGATCA,0,1491,
AGATGA,0,1492,
AGATGG,0,1493,
AGATGT,0,1494,
AGATTA,0,1495,
AGATTC,0,1496,
AGATTG,0,1497,
AGATTT,0,1498,
AGCAAA,0,1499,
AGCAAC,0,1500,
AGCAAG,0,1501,
AGCAAT,0,1502,
AGCACA,0,1503,
AGCACG,0,1504,
AGCACT,0,1505,
AGCAGA,0,1506,
AGCAGT,0,1507,
AGCATA,0,1508,
AGCATC,0,1509,
AGCATG,0,1510,
AGCATT,0,1511,
AGCCAA,0,1512,
AGCCAC,0,1513,
AGCCAT,0,1514,
AGCCCG,0,1515,
AGCCCT,0,1516,
AGCCGA,0,1517,
AGCCGC,0,1518,
AGCCGT,0,1519,
AGCCTC,0,1520,
AGCCTG,0,1521,
AGCGAA,0,1522,
AGCGAG,0,1523,
AGCGAT,0,1524,
AGCGCA,0,1525,
AGCGCC,0,1526,
AGCGCT,0,1527,
AGCGGC,0,1528,
AGCGGT,0,1529,
AGCGTA,0,1530,
AGCGTG,0,1531,
AGCGTT,0,1532,
AGCTAC,0,1533,
AGCTCA,0,1534,
AGCTCC,0,1535,
AGCTCG,0,1536,
AGCTCT,0,1537,
AGCTGA,0,1538,
AGCTGT,0,1539,
AGCTTC,0,1540,
AGGAAA,0,1541,
AGGAAG,0,1542,
AGGAAT,0,1543,
AGGACA,0,1544,
AGGAGA,0,1545,
AGGAGT,0,1546,
AGGATA,0,1547,
AGGATT,0,1548,
AGGCAA,0,1549,
AGGCAC,0,1550,
AGGCAT,0,1551,
AGGCCA,0,1552,
AGGCCC,0,1553,
AGGCCG,0,1554,
AGGCCT,0,1555,
AGGCGA,0,1556,
AGGCGC,0,1557,
AGGCGG,0,1558,
AGGCGT,0,1559,
AGGCTC,0,1560,
AGGCTG,0,1561,
AGGCTT,0,1562,
AGGGAA,0,1563,
AGGGAC,0,1564,
AGGGAT,0,1565,
AGGGCT,0,1566,
AGGGTC,0,1567,
AGGTAC,0,1568,
AGGTCA,0,1569,
AGGTCG,0,1570,
AGGTCT,0,1571,
AGGTTC,0,1572,
AGTAAA,0,1573,
AGTAAC,0,1574,
AGTACA,0,1575,
AGTACC,0,1576,
AGTACG,0,1577,
AGTACT,0,1578,
AGTAGA,0,1579,
AGTATC,0,1580,
AGTCAA,0,1581,
AGTCAC,0,1582,
AGTCAT,0,1583,
AGTCCA,0,1584,
AGTCCT,0,1585,
AGTCGA,0,1586,
AGTCTC,0,1587,
AGTCTG,0,1588,
AGTCTT,0,1589,
AGTGAA,0,1590,
AGTGAT,0,1591,
AGTGCC,0,1592,
AGTGCG,0,1593,
AGTGGA,0,1594,
AGTGGC,0,1595,
AGTGGT,0,1596,
AGTGTC,0,1597,
AGTGTT,0,1598,
AGTTGG,0,1599,
AGTTGT,0,1600,
AGTTTG,0,1601,
ATAAAC,0,1602,
ATAACG,0,1603,
ATAAGA,0,1604,
ATAAGC,0,1605,
ATAAGT,0,1606,
ATAATC,0,1607,
ATACAA,0,1608,
ATACAC,0,1609,
ATACAG,0,1610,
ATACAT,0,1611,
ATACCA,0,1612,
ATACCT,0,1613,
ATACGA,0,1614,
ATACGT,0,1615,
ATACTA,0,1616,
ATACTC,0,1617,
ATACTG,0,1618,
ATAGAA,0,1619,
ATAGAC,0,1620,
ATAGAT,0,1621,
ATAGCG,0,1622,
ATAGGA,0,1623,
ATAGGC,0,1624,
ATAGTC,0,1625,
ATATAC,0,1626,
ATATCA,0,1627,
ATATCC,0,1628,
ATATCG,0,1629,
ATATCT,0,1630,
ATATGA,0,1631,
ATATGG,0,1632,
ATATGT,0,1633,
ATATTC,0,1634,
ATCAAA,0,1635,
ATCAAC,0,1636,
ATCAAG,0,1637,
ATCAAT,0,1638,
ATCACA,0,1639,
ATCACT,0,1640,
ATCAGA,0,1641,
ATCAGC,0,1642,
ATCATA,0,1643,
ATCATC,0,1644,
ATCATG,0,1645,
ATCATT,0,1646,
ATCCAA,0,1647,
ATCCAC,0,1648,
ATCCAT,0,1649,
ATCCCT,0,1650,
ATCCGA,0,1651,
ATCCGC,0,1652,
ATCCGT,0,1653,
ATCCTA,0,1654,
ATCCTC,0,1655,
ATCCTT,0,1656,
ATCGAA,0,1657,
ATCGAG,0,1658,
ATCGCA,0,1659,
ATCGCT,0,1660,
ATCGGT,0,1661,
ATCGTA,0,1662,
ATCGTT,0,1663,
ATCTAA,0,1664,
ATCTAC,0,1665,
ATCTCA,0,1666,
ATCTCC,0,1667,
ATCTCT,0,1668,
ATCTGA,0,1669,
ATCTGG,0,1670,
ATCTGT,0,1671,
ATCTTC,0,1672,
ATCTTT,0,1673,
ATGAAA,0,1674,
ATGACA,0,1675,
ATGAGA,0,1676,
ATGAGC,0,1677,
ATGAGT,0,1678,
ATGATA,0,1679,
ATGATT,0,1680,
ATGCAA,0,1681,
ATGCAG,0,1682,
ATGCAT,0,1683,
ATGCCC,0,1684,
ATGCGA,0,1685,
ATGCGT,0,1686,
ATGCTA,0,1687,
ATGCTC,0,1688,
ATGCTT,0,1689,
ATGGCA,0,1690,
ATGGCC,0,1691,
ATGGCT,0,1692,
ATGGTC,0,1693,
ATGTAA,0,1694,
ATGTAC,0,1695,
ATGTAT,0,1696,
ATGTCA,0,1697,
ATGTCC,0,1698,
ATGTCT,0,1699,
ATGTGA,0,1700,
ATGTGC,0,1701,
ATGTGG,0,1702,
ATGTGT,0,1703,
ATGTTA,0,1704,
ATGTTG,0,1705,
ATGTTT,0,1706,
ATTAAC,0,1707,
ATTACA,0,1708,
ATTACG,0,1709,
ATTACT,0,1710,
ATTAGA,0,1711,
ATTATC,0,1712,
ATTCAA,0,1713,
ATTCAC,0,1714,
ATTCAG,0,1715,
ATTCAT,0,1716,
ATTCCT,0,1717,
ATTCGA,0,1718,
ATTCGT,0,1719,
ATTCTA,0,1720,
ATTCTC,0,1721,
ATTGAA,0,1722,
ATTGAC,0,1723,
ATTGAG,0,1724,
ATTGAT,0,1725,
ATTGCC,0,1726,
ATTGGC,0,1727,
ATTGGT,0,1728,
ATTGTC,0,1729,
ATTGTT,0,1730,
ATTTAC,0,1731,
ATTTCA,0,1732,
ATTTCT,0,1733,
ATTTGA,0,1734,
ATTTGG,0,1735,
ATTTGT,0,1736,
ATTTTC,0,1737,
CAAAAC,0,1738,
CAAAAG,0,1739,
CAAACA,0,1740,
CAAACC,0,1741,
CAAACT,0,1742,
CAAAGC,0,1743,
CAAAGG,0,1744,
CAAAGT,0,1745,
CAAATC,0,1746,
CAAATG,0,1747,
CAACAG,0,1748,
CAACCA,0,1749,
CAACCC,0,1750,
CAACCG,0,1751,
CAACTA,0,1752,
CAACTT,0,1753,
CAAGCA,0,1754,
CAAGCC,0,1755,
CAAGGG,0,1756,
CAAGGT,0,1757,
CAAGTA,0,1758,
CAAGTG,0,1759,
CAAGTT,0,1760,
CAATAC,0,1761,
CAATCA,0,1762,
CAATCC,0,1763,
CAATCT,0,1764,
CAATGC,0,1765,
CAATGG,0,1766,
CAATGT,0,1767,
CAATTC,0,1768,
CAATTG,0,1769,
CAATTT,0,1770,
CACAAC,0,1771,
CACAAG,0,1772,
CACACA,0,1773,
CACACC,0,1774,
CACACG,0,1775,
CACACT,0,1776,
CACAGA,0,1777,
CACATC,0,1778,
CACATG,0,1779,
CACATT,0,1780,
CACCAC,0,1781,
CACCCT,0,1782,
CACCGA,0,1783,
CACCGC,0,1784,
CACCGT,0,1785,
CACCTC,0,1786,
CACGAA,0,1787,
CACGAC,0,1788,
CACGAG,0,1789,
CACGAT,0,1790,
CACGCA,0,1791,
CACGCT,0,1792,
CACGGC,0,1793,
CACGGT,0,1794,
CACGTG,0,1795,
CACGTT,0,1796,
CACTAC,0,1797,
CACTCC,0,1798,
CACTCG,0,1799,
CACTGA,0,1800,
CACTGC,0,1801,
CACTGG,0,1802,
CACTGT,0,1803,
CACTTC,0,1804,
CAGAAA,0,1805,
CAGACA,0,1806,
CAGACC,0,1807,
CAGACT,0,1808,
CAGAGC,0,1809,
CAGAGG,0,1810,
CAGAGT,0,1811,
CAGATC,0,1812,
CAGATT,0,1813,
CAGCAA,0,1814,
CAGCAC,0,1815,
CAGCAG,0,1816,
CAGCCG,0,1817,
CAGCGA,0,1818,
CAGCGC,0,1819,
CAGCGT,0,1820,
CAGCTC,0,1821,
CAGCTG,0,1822,
CAGGAA,0,1823,
CAGGAG,0,1824,
CAGGAT,0,1825,
CAGGCC,0,1826,
CAGGCG,0,1827,
CAGTAC,0,1828,
CAGTCC,0,1829,
CAGTCT,0,1830,
CAGTGA,0,1831,
CAGTGG,0,1832,
CAGTTC,0,1833,
CAGTTG,0,1834,
CATAAG,0,1835,
CATACA,0,1836,
CATACC,0,1837,
CATACG,0,1838,
CATACT,0,1839,
CATAGA,0,1840,
CATAGC,0,1841,
CATATC,0,1842,
CATCAA,0,1843,
CATCAC,0,1844,
CATCAG,0,1845,
CATCAT,0,1846,
CATCCC,0,1847,
CATCCT,0,1848,
CATCGA,0,1849,
CATCGT,0,1850,
CATCTC,0,1851,
CATGAG,0,1852,
CATGAT,0,1853,
CATGCC,0,1854,
CATGCG,0,1855,
CATGCT,0,1856,
CATGGC,0,1857,
CATGGT,0,1858,
CATGTC,0,1859,
CATGTG,0,1860,
CATGTT,0,1861,
CATTAC,0,1862,
CATTCA,0,1863,
CATTCC,0,1864,
CATTCT,0,1865,
CATTGA,0,1866,
CATTGC,0,1867,
CATTGG,0,1868,
CATTGT,0,1869,
CATTTC,0,1870,
CCAACA,0,1871,
CCAACC,0,1872,
CCAACT,0,1873,
CCAAGA,0,1874,
CCAAGC,0,1875,
CCAAGG,0,1876,
CCAAGT,0,1877,
CCAATG,0,1878,
CCACAA,0,1879,
CCACAC,0,1880,
CCACAT,0,1881,
CCACCG,0,1882,
CCACGC,0,1883,
CCACTC,0,1884,
CCACTG,0,1885,
CCAGAA,0,1886,
CCAGAG,0,1887,
CCAGAT,0,1888,
CCAGCG,0,1889,
CCAGGA,0,1890,
CCAGGC,0,1891,
CCATCC,0,1892,
CCATCT,0,1893,
CCATGA,0,1894,
CCATGC,0,1895,
CCATGT,0,1896,
CCATTC,0,1897,
CCATTG,0,1898,
CCCAAC,0,1899,
CCCAAG,0,1900,
CCCATC,0,1901,
CCCATG,0,1902,
CCCCGA,0,1903,
CCCCGT,0,1904,
CCCCTC,0,1905,
CCCGAT,0,1906,
CCCGCA,0,1907,
CCCGCC,0,1908,
CCCGGC,0,1909,
CCCGTT,0,1910,
CCCTAC,0,1911,
CCCTCA,0,1912,
CCCTCT,0,1913,
CCCTGA,0,1914,
CCCTGT,0,1915,
CCCTTC,0,1916,
CCGAAA,0,1917,
CCGAAT,0,1918,
CCGACA,0,1919,
CCGACT,0,1920,
CCGATA,0,1921,
CCGATC,0,1922,
CCGATT,0,1923,
CCGCAA,0,1924,
CCGCAC,0,1925,
CCGCAT,0,1926,
CCGCCC,0,1927,
CCGCCT,0,1928,
CCGCTA,0,1929,
CCGCTT,0,1930,
CCGGCC,0,1931,
CCGGCT,0,1932,
CCGGGT,0,1933,
CCGGTA,0,1934,
CCGGTT,0,1935,
CCGTAA,0,1936,
CCGTAC,0,1937,
CCGTAT,0,1938,
CCGTTT,0,1939,
CCTACA,0,1940,
CCTACC,0,1941,
CCTACT,0,1942,
CCTCAA,0,1943,
CCTCAC,0,1944,
CCTCAG,0,1945,
CCTCAT,0,1946,
CCTCCA,0,1947,
CCTCCC,0,1948,
CCTCCT,0,1949,
CCTCTC,0,1950,
CCTGAA,0,1951,
CCTGAC,0,1952,
CCTGAG,0,1953,
CCTGAT,0,1954,
CCTGGC,0,1955,
CCTGGT,0,1956,
CCTGTC,0,1957,
CCTGTT,0,1958,
CCTTCA,0,1959,
CCTTCC,0,1960,
CCTTCT,0,1961,
CCTTGA,0,1962,
CCTTGC,0,1963,
CGAAAA,0,1964,
CGAAAG,0,1965,
CGAAAT,0,1966,
CGAACA,0,1967,
CGAATA,0,1968,
CGAATT,0,1969,
CGACAA,0,1970,
CGACAC,0,1971,
CGACAG,0,1972,
CGACTA,0,1973,
CGACTC,0,1974,
CGACTT,0,1975,
CGAGAA,0,1976,
CGAGAC,0,1977,
CGAGCA,0,1978,
CGAGCT,0,1979,
CGAGGT,0,1980,
CGAGTA,0,1981,
CGAGTT,0,1982,
CGATAA,0,1983,
CGATAC,0,1984,
CGATAT,0,1985,
CGATCA,0,1986,
CGATCT,0,1987,
CGATGT,0,1988,
CGATTC,0,1989,
CGATTT,0,1990,
CGCAAA,0,1991,
CGCAAG,0,1992,
CGCAAT,0,1993,
CGCACA,0,1994,
CGCACT,0,1995,
CGCAGA,0,1996,
CGCAGG,0,1997,
CGCAGT,0,1998,
CGCATA,0,1999,
CGCATG,0,2000,
CGCATT,0,2001,
CGCCAA,0,2002,
CGCCAC,0,2003,
CGCCAT,0,2004,
CGCCCC,0,2005,
CGCCTA,0,2006,
CGCCTC,0,2007,
CGCCTT,0,2008,
CGCGGC,0,2009,
CGCGTA,0,2010,
CGCTAA,0,2011,
CGCTAT,0,2012,
CGCTCA,0,2013,
CGCTCT,0,2014,
CGCTGG,0,2015,
CGCTTA,0,2016,
CGCTTG,0,2017,
CGCTTT,0,2018,
CGGAAA,0,2019,
CGGACA,0,2020,
CGGATA,0,2021,
CGGCAA,0,2022,
CGGCAC,0,2023,
CGGCAG,0,2024,
CGGCAT,0,2025,
CGGCCC,0,2026,
CGGCCT,0,2027,
CGGCTA,0,2028,
CGGCTC,0,2029,
CGGCTT,0,2030,
CGGGCT,0,2031,
CGGGGT,0,2032,
CGGGTA,0,2033,
CGGGTC,0,2034,
CGGGTG,0,2035,
CGGGTT,0,2036,
CGGTAA,0,2037,
CGGTAT,0,2038,
CGGTCA,0,2039,
CGGTGA,0,2040,
CGGTGC,0,2041,
CGGTGG,0,2042,
CGGTGT,0,2043,
CGGTTA,0,2044,
CGGTTG,0,2045,
CGGTTT,0,2046,
CGTAAA,0,2047,
CGTAAC,0,2048,
CGTAAG,0,2049,
CGTAAT,0,2050,
CGTACA,0,2051,
CGTACT,0,2052,
CGTAGA,0,2053,
CGTAGT,0,2054,
CGTATA,0,2055,
CGTATC,0,2056,
CGTATG,0,2057,
CGTATT,0,2058,
CGTCAG,0,2059,
CGTCTA,0,2060,
CGTCTT,0,2061,
CGTGAG,0,2062,
CGTGTA,0,2063,
CGTGTG,0,2064,
CGTGTT,0,2065,
CGTTAA,0,2066,
CGTTAC,0,2067,
CGTTAT,0,2068,
CGTTCA,0,2069,
CGTTCT,0,2070,
CGTTGA,0,2071,
CGTTGT,0,2072,
CGTTTA,0,2073,
CGTTTC,0,2074,
CGTTTG,0,2075,
CGTTTT,0,2076,
CTAACA,0,2077,
CTAACG,0,2078,
CTAAGA,0,2079,
CTAATC,0,2080,
CTACAA,0,2081,
CTACAC,0,2082,
CTACAG,0,2083,
CTACAT,0,2084,
CTACCT,0,2085,
CTACTA,0,2086,
CTACTC,0,2087,
CTACTT,0,2088,
CTAGAA,0,2089,
CTAGCG,0,2090,
CTAGGA,0,2091,
CTATAC,0,2092,
CTATCC,0,2093,
CTATCG,0,2094,
CTATCT,0,2095,
CTATGA,0,2096,
CTATGG,0,2097,
CTCAAC,0,2098,
CTCAAG,0,2099,
CTCAAT,0,2100,
CTCACA,0,2101,
CTCACC,0,2102,
CTCACG,0,2103,
CTCACT,0,2104,
CTCAGA,0,2105,
CTCAGC,0,2106,
CTCAGT,0,2107,
CTCATC,0,2108,
CTCATG,0,2109,
CTCATT,0,2110,
CTCCAA,0,2111,
CTCCAC,0,2112,
CTCCAT,0,2113,
CTCCCT,0,2114,
CTCCTA,0,2115,
CTCCTC,0,2116,
CTCCTT,0,2117,
CTCGAA,0,2118,
CTCGCA,0,2119,
CTCGCT,0,2120,
CTCGGT,0,2121,
CTCGTA,0,2122,
CTCGTT,0,2123,
CTCTAC,0,2124,
CTCTCA,0,2125,
CTCTCC,0,2126,
CTCTCT,0,2127,
CTCTGA,0,2128,
CTCTGG,0,2129,
CTCTGT,0,2130,
CTCTTC,0,2131,
CTGAAA,0,2132,
CTGAAC,0,2133,
CTGAAT,0,2134,
CTGACA,0,2135,
CTGACT,0,2136,
CTGAGA,0,2137,
CTGAGC,0,2138,
CTGAGG,0,2139,
CTGAGT,0,2140,
CTGATA,0,2141,
CTGATC,0,2142,
CTGATT,0,2143,
CTGCAA,0,2144,
CTGCAG,0,2145,
CTGCAT,0,2146,
CTGCCA,0,2147,
CTGCCC,0,2148,
CTGCTA,0,2149,
CTGCTT,0,2150,
CTGGAA,0,2151,
CTGGAC,0,2152,
CTGGAG,0,2153,
CTGGCA,0,2154,
CTGGCC,0,2155,
CTGGCT,0,2156,
CTGGGC,0,2157,
CTGGGG,0,2158,
CTGGGT,0,2159,
CTGGTC,0,2160,
CTGGTG,0,2161,
CTGGTT,0,2162,
CTGTAA,0,2163,
CTGTAC,0,2164,
CTGTAT,0,2165,
CTGTCA,0,2166,
CTGTCT,0,2167,
CTGTTA,0,2168,
CTGTTC,0,2169,
CTGTTG,0,2170,
CTGTTT,0,2171,
CTTACC,0,2172,
CTTACG,0,2173,
CTTACT,0,2174,
CTTATC,0,2175,
CTTCAA,0,2176,
CTTCAC,0,2177,
CTTCAG,0,2178,
CTTCAT,0,2179,
CTTCCA,0,2180,
CTTCTC,0,2181,
CTTGAA,0,2182,
CTTGAC,0,2183,
CTTGAG,0,2184,
CTTGAT,0,2185,
CTTGCG,0,2186,
CTTGGA,0,2187,
CTTGGC,0,2188,
CTTGGG,0,2189,
CTTGGT,0,2190,
CTTGTC,0,2191,
CTTGTG,0,2192,
CTTTCG,0,2193,
CTTTCT,0,2194,
CTTTGA,0,2195,
CTTTGG,0,2196,
GAAAAA,0,2197,
GAAAAG,0,2198,
GAAAAT,0,2199,
GAAACA,0,2200,
GAAAGT,0,2201,
GAAATA,0,2202,
GAAATG,0,2203,
GAAATT,0,2204,
GAACAG,0,2205,
GAACCC,0,2206,
GAACTA,0,2207,
GAAGGG,0,2208,
GAAGGT,0,2209,
GAAGTA,0,2210,
GAATAA,0,2211,
GAATAT,0,2212,
GAATCA,0,2213,
GAATGA,0,2214,
GAATGG,0,2215,
GAATGT,0,2216,
GAATTA,0,2217,
GAATTT,0,2218,
GACAAA,0,2219,
GACAAT,0,2220,
GACACA,0,2221,
GACACC,0,2222,
GACAGC,0,2223,
GACAGT,0,2224,
GACATA,0,2225,
GACCAC,0,2226,
GACCCA,0,2227,
GACCCC,0,2228,
GACCTA,0,2229,
GACTAA,0,2230,
GACTAT,0,2231,
GACTCA,0,2232,
GACTTA,0,2233,
GACTTT,0,2234,
GAGACA,0,2235,
GAGAGG,0,2236,
GAGATA,0,2237,
GAGCAA,0,2238,
GAGCAC,0,2239,
GAGCAG,0,2240,
GAGCAT,0,2241,
GAGCCC,0,2242,
GAGCCT,0,2243,
GAGCTC,0,2244,
GAGCTT,0,2245,
GAGGCA,0,2246,
GAGGCT,0,2247,
GAGGGA,0,2248,
GAGGTG,0,2249,
GAGTAA,0,2250,
GAGTAT,0,2251,
GAGTCA,0,2252,
GAGTGA,0,2253,
GAGTGC,0,2254,
GAGTGG,0,2255,
GAGTGT,0,2256,
GAGTTT,0,2257,
GATAAA,0,2258,
GATAAC,0,2259,
GATAAG,0,2260,
GATAAT,0,2261,
GATACA,0,2262,
GATAGA,0,2263,
GATAGC,0,2264,
GATATA,0,2265,
GATATC,0,2266,
GATATG,0,2267,
GATATT,0,2268,
GATCAA,0,2269,
GATCAC,0,2270,
GATCCC,0,2271,
GATCTA,0,2272,
GATCTC,0,2273,
GATCTT,0,2274,
GATGAG,0,2275,
GATGGT,0,2276,
GATGTA,0,2277,
GATGTG,0,2278,
GATTAC,0,2279,
GATTAT,0,2280,
GATTCA,0,2281,
GATTGG,0,2282,
GATTGT,0,2283,
GATTTA,0,2284,
GATTTC,0,2285,
GATTTG,0,2286,
GATTTT,0,2287,
GCAAAA,0,2288,
GCAAAG,0,2289,
GCAAAT,0,2290,
GCAAGG,0,2291,
GCAATT,0,2292,
GCACAA,0,2293,
GCACAC,0,2294,
GCACAG,0,2295,
GCACCG,0,2296,
GCACGA,0,2297,
GCACGC,0,2298,
GCACGT,0,2299,
GCACTG,0,2300,
GCAGAG,0,2301,
GCAGAT,0,2302,
GCAGGC,0,2303,
GCAGTC,0,2304,
GCAGTG,0,2305,
GCAGTT,0,2306,
GCATAC,0,2307,
GCATAT,0,2308,
GCATCA,0,2309,
GCATCC,0,2310,
GCATCG,0,2311,
GCATGC,0,2312,
GCATGT,0,2313,
GCATTC,0,2314,
GCATTG,0,2315,
GCCAAC,0,2316,
GCCAAG,0,2317,
GCCAAT,0,2318,
GCCACA,0,2319,
GCCACG,0,2320,
GCCACT,0,2321,
GCCATC,0,2322,
GCCATG,0,2323,
GCCCAC,0,2324,
GCCCAG,0,2325,
GCCCAT,0,2326,
GCCCCG,0,2327,
GCCCCT,0,2328,
GCCCGA,0,2329,
GCCCGC,0,2330,
GCCCGT,0,2331,
GCCCTC,0,2332,
GCCCTG,0,2333,
GCCGAA,0,2334,
GCCGAG,0,2335,
GCCGAT,0,2336,
GCCGCA,0,2337,
GCCGCC,0,2338,
GCCGCT,0,2339,
GCCGGC,0,2340,
GCCGGT,0,2341,
GCCGTA,0,2342,
GCCGTT,0,2343,
GCCTAC,0,2344,
GCCTCA,0,2345,
GCCTCC,0,2346,
GCCTCT,0,2347,
GCCTGA,0,2348,
GCCTGT,0,2349,
GCCTTC,0,2350,
GCCTTG,0,2351,
GCGAAA,0,2352,
GCGAAT,0,2353,
GCGACA,0,2354,
GCGAGG,0,2355,
GCGAGT,0,2356,
GCGATA,0,2357,
GCGATT,0,2358,
GCGCAA,0,2359,
GCGCAG,0,2360,
GCGCAT,0,2361,
GCGCTA,0,2362,
GCGCTC,0,2363,
GCGCTT,0,2364,
GCGGCA,0,2365,
GCGGCC,0,2366,
GCGGCT,0,2367,
GCGGGT,0,2368,
GCGGTA,0,2369,
GCGGTG,0,2370,
GCGGTT,0,2371,
GCGTAA,0,2372,
GCGTAC,0,2373,
GCGTAT,0,2374,
GCGTCA,0,2375,
GCGTGA,0,2376,
GCGTGT,0,2377,
GCGTTA,0,2378,
GCGTTT,0,2379,
GCTAAA,0,2380,
GCTAAC,0,2381,
GCTACA,0,2382,
GCTACC,0,2383,
GCTACT,0,2384,
GCTAGA,0,2385,
GCTATC,0,2386,
GCTCAA,0,2387,
GCTCAC,0,2388,
GCTCAT,0,2389,
GCTCCA,0,2390,
GCTCCC,0,2391,
GCTCCT,0,2392,
GCTCGA,0,2393,
GCTCGC,0,2394,
GCTCGT,0,2395,
GCTCTC,0,2396,
GCTCTG,0,2397,
GCTGAA,0,2398,
GCTGAG,0,2399,
GCTGAT,0,2400,
GCTGGA,0,2401,
GCTGGC,0,2402,
GCTGGT,0,2403,
GCTGTA,0,2404,
GCTGTG,0,2405,
GCTGTT,0,2406,
GCTTAC,0,2407,
GCTTCA,0,2408,
GCTTCC,0,2409,
GCTTCT,0,2410,
GCTTGA,0,2411,
GCTTGG,0,2412,
GCTTGT,0,2413,
GCTTTC,0,2414,
GGAAAA,0,2415,
GGAAAG,0,2416,
GGAAGG,0,2417,
GGAATA,0,2418,
GGACAG,0,2419,
GGAGAG,0,2420,
GGAGCT,0,2421,
GGAGGT,0,2422,
GGAGTA,0,2423,
GGAGTG,0,2424,
GGAGTT,0,2425,
GGATAA,0,2426,
GGATAT,0,2427,
GGATCT,0,2428,
GGATGG,0,2429,
GGATTA,0,2430,
GGATTT,0,2431,
GGCACG,0,2432,
GGCAGC,0,2433,
GGCATA,0,2434,
GGCATC,0,2435,
GGCCAA,0,2436,
GGCCAC,0,2437,
GGCCAG,0,2438,
GGCCAT,0,2439,
GGCCCA,0,2440,
GGCCCC,0,2441,
GGCCCG,0,2442,
GGCCCT,0,2443,
GGCCGT,0,2444,
GGCCTC,0,2445,
GGCCTT,0,2446,
GGCGGT,0,2447,
GGCGTA,0,2448,
GGCTAC,0,2449,
GGCTCC,0,2450,
GGCTCG,0,2451,
GGGAAG,0,2452,
GGGAAT,0,2453,
GGGACA,0,2454,
GGGACT,0,2455,
GGGAGA,0,2456,
GGGAGT,0,2457,
GGGATA,0,2458,
GGGATC,0,2459,
GGGATG,0,2460,
GGGATT,0,2461,
GGGCAC,0,2462,
GGGCCA,0,2463,
GGGCCC,0,2464,
GGGCCG,0,2465,
GGGCCT,0,2466,
GGGCGA,0,2467,
GGGCGT,0,2468,
GGGCTG,0,2469,
GGGGAC,0,2470,
GGGTCC,0,2471,
GGGTCG,0,2472,
GGGTTC,0,2473,
GGTACC,0,2474,
GGTACG,0,2475,
GGTATC,0,2476,
GGTCAA,0,2477,
GGTCAC,0,2478,
GGTCAT,0,2479,
GGTCCA,0,2480,
GGTCCC,0,2481,
GGTCCG,0,2482,
GGTCCT,0,2483,
GGTCGA,0,2484,
GGTCGG,0,2485,
GGTCGT,0,2486,
GGTCTC,0,2487,
GGTCTG,0,2488,
GGTGAA,0,2489,
GGTGAT,0,2490,
GGTGCC,0,2491,
GGTGCG,0,2492,
GGTGGA,0,2493,
GGTGTC,0,2494,
GGTGTT,0,2495,
GGTTCC,0,2496,
GGTTCG,0,2497,
GGTTCT,0,2498,
GGTTTC,0,2499,
GTAACC,0,2500,
GTAACG,0,2501,
GTACAC,0,2502,
GTACCA,0,2503,
GTACCC,0,2504,
GTACCT,0,2505,
GTACGA,0,2506,
GTACGC,0,2507,
GTACGT,0,2508,
GTACTC,0,2509,
GTACTG,0,2510,
GTAGAC,0,2511,
GTAGCG,0,2512,
GTATAC,0,2513,
GTATCC,0,2514,
GTATCG,0,2515,
GTATGA,0,2516,
GTATTC,0,2517,
GTCAAA,0,2518,
GTCAAC,0,2519,
GTCAAG,0,2520,
GTCAAT,0,2521,
GTCACA,0,2522,
GTCACC,0,2523,
GTCACG,0,2524,
GTCACT,0,2525,
GTCAGA,0,2526,
GTCATA,0,2527,
GTCATG,0,2528,
GTCATT,0,2529,
GTCCAA,0,2530,
GTCCAC,0,2531,
GTCCAT,0,2532,
GTCCCT,0,2533,
GTCCGA,0,2534,
GTCCGC,0,2535,
GTCCGT,0,2536,
GTCCTA,0,2537,
GTCCTC,0,2538,
GTCCTT,0,2539,
GTCGAA,0,2540,
GTCGAG,0,2541,
GTCGAT,0,2542,
GTCGCA,0,2543,
GTCGCT,0,2544,
GTCGGT,0,2545,
GTCGTA,0,2546,
GTCGTT,0,2547,
GTCTAC,0,2548,
GTCTAT,0,2549,
GTCTCA,0,2550,
GTCTCC,0,2551,
GTCTCT,0,2552,
GTCTGA,0,2553,
GTCTGG,0,2554,
GTCTGT,0,2555,
GTCTTG,0,2556,
GTGAGC,0,2557,
GTGAGG,0,2558,
GTGAGT,0,2559,
GTGATT,0,2560,
GTGCCG,0,2561,
GTGCGA,0,2562,
GTGCGC,0,2563,
GTGCGG,0,2564,
GTGCTG,0,2565,
GTGGCA,0,2566,
GTGGCC,0,2567,
GTGGCT,0,2568,
GTGGTC,0,2569,
GTGGTG,0,2570,
GTGTAC,0,2571,
GTGTCC,0,2572,
GTGTCT,0,2573,
GTGTGG,0,2574,
GTGTTC,0,2575,
GTTAAC,0,2576,
GTTACA,0,2577,
GTTACT,0,2578,
GTTCAG,0,2579,
GTTCCT,0,2580,
GTTCTA,0,2581,
GTTCTT,0,2582,
GTTGAT,0,2583,
GTTGCA,0,2584,
GTTGCT,0,2585,
GTTGTT,0,2586,
GTTTAC,0,2587,
GTTTCA,0,2588,
GTTTCT,0,2589,
GTTTGA,0,2590,
GTTTGC,0,2591,
GTTTGT,0,2592,
TAAACA,0,2593,
TAAACG,0,2594,
TAAAGA,0,2595,
TAAAGC,0,2596,
TAACAA,0,2597,
TAACAC,0,2598,
TAACAT,0,2599,
TAACCT,0,2600,
TAACGA,0,2601,
TAACGC,0,2602,
TAACGG,0,2603,
TAACGT,0,2604,
TAACTC,0,2605,
TAAGAA,0,2606,
TAAGAC,0,2607,
TAAGAT,0,2608,
TAAGCG,0,2609,
TAAGGA,0,2610,
TAAGTC,0,2611,
TAATCA,0,2612,
TAATCG,0,2613,
TAATCT,0,2614,
TAATGA,0,2615,
TACAAA,0,2616,
TACAAC,0,2617,
TACAAG,0,2618,
TACACA,0,2619,
TACACC,0,2620,
TACACT,0,2621,
TACAGA,0,2622,
TACAGC,0,2623,
TACATA,0,2624,
TACCAA,0,2625,
TACCAC,0,2626,
TACCAT,0,2627,
TACCGC,0,2628,
TACCGT,0,2629,
TACCTA,0,2630,
TACCTC,0,2631,
TACCTT,0,2632,
TACGAA,0,2633,
TACGAG,0,2634,
TACGAT,0,2635,
TACGCA,0,2636,
TACGCT,0,2637,
TACGGT,0,2638,
TACGTA,0,2639,
TACGTG,0,2640,
TACGTT,0,2641,
TACTAA,0,2642,
TACTAC,0,2643,
TACTCA,0,2644,
TACTCC,0,2645,
TACTCT,0,2646,
TACTGA,0,2647,
TACTGG,0,2648,
TACTGT,0,2649,
TACTTC,0,2650,
TAGAAC,0,2651,
TAGACG,0,2652,
TAGACT,0,2653,
TAGAGC,0,2654,
TAGATC,0,2655,
TAGCCG,0,2656,
TAGCGA,0,2657,
TAGCGC,0,2658,
TAGGAC,0,2659,
TAGTCG,0,2660,
TATACA,0,2661,
TATACG,0,2662,
TATACT,0,2663,
TATATC,0,2664,
TATCAA,0,2665,
TATCAC,0,2666,
TATCAT,0,2667,
TATCCA,0,2668,
TATCCT,0,2669,
TATCGA,0,2670,
TATCGC,0,2671,
TATCGT,0,2672,
TATCTA,0,2673,
TATCTC,0,2674,
TATCTG,0,2675,
TATGAA,0,2676,
TATGAC,0,2677,
TATGAT,0,2678,
TATGCC,0,2679,
TATGCG,0,2680,
TATGGA,0,2681,
TATGGC,0,2682,
TATGTC,0,2683,
TATTCA,0,2684,
TATTCG,0,2685,
TATTCT,0,2686,
TATTGA,0,2687,
TCAAAA,0,2688,
TCAAAC,0,2689,
TCAAAG,0,2690,
TCAAAT,0,2691,
TCAACA,0,2692,
TCAAGG,0,2693,
TCAAGT,0,2694,
TCAATA,0,2695,
TCAATC,0,2696,
TCAATG,0,2697,
TCAATT,0,2698,
TCACAA,0,2699,
TCACAC,0,2700,
TCACAT,0,2701,
TCACCC,0,2702,
TCACGA,0,2703,
TCACGT,0,2704,
TCACTA,0,2705,
TCACTC,0,2706,
TCACTG,0,2707,
TCACTT,0,2708,
TCAGAA,0,2709,
TCAGAC,0,2710,
TCAGAG,0,2711,
TCAGAT,0,2712,
TCAGCA,0,2713,
TCAGCT,0,2714,
TCAGGA,0,2715,
TCAGGC,0,2716,
TCAGTC,0,2717,
TCATAA,0,2718,
TCATAC,0,2719,
TCATAT,0,2720,
TCATCA,0,2721,
TCATGA,0,2722,
TCATGC,0,2723,
TCATGG,0,2724,
TCATGT,0,2725,
TCATTA,0,2726,
TCATTC,0,2727,
TCATTG,0,2728,
TCATTT,0,2729,
TCCAAA,0,2730,
TCCAAC,0,2731,
TCCAAG,0,2732,
TCCAAT,0,2733,
TCCACA,0,2734,
TCCACT,0,2735,
TCCAGC,0,2736,
TCCAGG,0,2737,
TCCAGT,0,2738,
TCCATA,0,2739,
TCCATC,0,2740,
TCCATG,0,2741,
TCCCAC,0,2742,
TCCCAT,0,2743,
TCCCCT,0,2744,
TCCCGA,0,2745,
TCCCGC,0,2746,
TCCCGT,0,2747,
TCCCTC,0,2748,
TCCGAA,0,2749,
TCCGAT,0,2750,
TCCGCA,0,2751,
TCCGCT,0,2752,
TCCGGT,0,2753,
TCCGTA,0,2754,
TCCGTT,0,2755,
TCCTAA,0,2756,
TCCTAC,0,2757,
TCCTCA,0,2758,
TCCTCC,0,2759,
TCCTCT,0,2760,
TCCTGA,0,2761,
TCCTGT,0,2762,
TCCTTC,0,2763,
TCCTTG,0,2764,
TCGAAA,0,2765,
TCGAAT,0,2766,
TCGAGT,0,2767,
TCGATA,0,2768,
TCGATT,0,2769,
TCGCAA,0,2770,
TCGCAG,0,2771,
TCGCAT,0,2772,
TCGCTA,0,2773,
TCGCTT,0,2774,
TCGGCA,0,2775,
TCGGGT,0,2776,
TCGGTA,0,2777,
TCGGTG,0,2778,
TCGGTT,0,2779,
TCGTAA,0,2780,
TCGTAT,0,2781,
TCGTTA,0,2782,
TCGTTT,0,2783,
TCTAAA,0,2784,
TCTAAC,0,2785,
TCTACA,0,2786,
TCTACC,0,2787,
TCTACT,0,2788,
TCTAGA,0,2789,
TCTAGC,0,2790,
TCTATC,0,2791,
TCTCAA,0,2792,
TCTCAC,0,2793,
TCTCAG,0,2794,
TCTCAT,0,2795,
TCTCCC,0,2796,
TCTCGT,0,2797,
TCTCTA,0,2798,
TCTCTC,0,2799,
TCTCTT,0,2800,
TCTGAA,0,2801,
TCTGAG,0,2802,
TCTGAT,0,2803,
TCTGGA,0,2804,
TCTGGC,0,2805,
TCTGGG,0,2806,
TCTGGT,0,2807,
TCTGTA,0,2808,
TCTGTC,0,2809,
TCTGTG,0,2810,
TCTGTT,0,2811,
TCTTAA,0,2812,
TCTTAC,0,2813,
TCTTCC,0,2814,
TCTTGA,0,2815,
TCTTGG,0,2816,
TCTTGT,0,2817,
TCTTTC,0,2818,
TGAAAA,0,2819,
TGAAAG,0,2820,
TGAATA,0,2821,
TGAATT,0,2822,
TGACAC,0,2823,
TGACAG,0,2824,
TGACCC,0,2825,
TGACTA,0,2826,
TGACTT,0,2827,
TGAGAG,0,2828,
TGAGAT,0,2829,
TGAGCA,0,2830,
TGAGCC,0,2831,
TGAGCT,0,2832,
TGAGGC,0,2833,
TGAGGT,0,2834,
TGAGTA,0,2835,
TGAGTC,0,2836,
TGAGTG,0,2837,
TGAGTT,0,2838,
TGATAC,0,2839,
TGATAT,0,2840,
TGATCA,0,2841,
TGATTC,0,2842,
TGATTG,0,2843,
TGATTT,0,2844,
TGCAAC,0,2845,
TGCAAG,0,2846,
TGCACC,0,2847,
TGCACG,0,2848,
TGCAGA,0,2849,
TGCATC,0,2850,
TGCATG,0,2851,
TGCCAG,0,2852,
TGCCCG,0,2853,
TGCCGA,0,2854,
TGCCGC,0,2855,
TGCCGT,0,2856,
TGCCTC,0,2857,
TGCGAA,0,2858,
TGCGAG,0,2859,
TGCGAT,0,2860,
TGCGCA,0,2861,
TGCGCT,0,2862,
TGCGGC,0,2863,
TGCGGT,0,2864,
TGCGTG,0,2865,
TGCGTT,0,2866,
TGCTAC,0,2867,
TGCTCC,0,2868,
TGCTCG,0,2869,
TGCTGA,0,2870,
TGCTGT,0,2871,
TGCTTC,0,2872,
TGGCAG,0,2873,
TGGCAT,0,2874,
TGGCCA,0,2875,
TGGCCC,0,2876,
TGGCCT,0,2877,
TGGCTC,0,2878,
TGGCTT,0,2879,
TGGGAA,0,2880,
TGGGAT,0,2881,
TGGGCC,0,2882,
TGGGCG,0,2883,
TGGTCA,0,2884,
TGGTCT,0,2885,
TGGTGA,0,2886,
TGGTGC,0,2887,
TGGTGT,0,2888,
TGGTTC,0,2889,
TGTAAC,0,2890,
TGTACC,0,2891,
TGTACT,0,2892,
TGTATC,0,2893,
TGTCAA,0,2894,
TGTCAC,0,2895,
TGTCAT,0,2896,
TGTCCA,0,2897,
TGTCCC,0,2898,
TGTCCT,0,2899,
TGTCTC,0,2900,
TGTCTG,0,2901,
TGTCTT,0,2902,
TGTGGT,0,2903,
TGTTAC,0,2904,
TGTTCA,0,2905,
TGTTCT,0,2906,
TGTTGA,0,2907,
TGTTGC,0,2908,
TGTTGG,0,2909,
TGTTGT,0,2910,
TGTTTC,0,2911,
TTAAAC,0,2912,
TTAACA,0,2913,
TTAACC,0,2914,
TTAACG,0,2915,
TTAATC,0,2916,
TTACAA,0,2917,
TTACAC,0,2918,
TTACAT,0,2919,
TTACCA,0,2920,
TTACCC,0,2921,
TTACGG,0,2922,
TTACGT,0,2923,
TTACTA,0,2924,
TTACTC,0,2925,
TTACTG,0,2926,
TTACTT,0,2927,
TTATAC,0,2928,
TTATCA,0,2929,
TTATCC,0,2930,
TTATCT,0,2931,
TTATGA,0,2932,
TTATTC,0,2933,
TTCAAA,0,2934,
TTCAAT,0,2935,
TTCACA,0,2936,
TTCACT,0,2937,
TTCAGA,0,2938,
TTCATA,0,2939,
TTCATG,0,2940,
TTCATT,0,2941,
TTCCAA,0,2942,
TTCCAC,0,2943,
TTCCAT,0,2944,
TTCCCG,0,2945,
TTCCGT,0,2946,
TTCCTC,0,2947,
TTCGGT,0,2948,
TTCGTA,0,2949,
TTCTAA,0,2950,
TTCTCA,0,2951,
TTCTCT,0,2952,
TTCTGG,0,2953,
TTCTGT,0,2954,
TTGAAA,0,2955,
TTGAAG,0,2956,
TTGAAT,0,2957,
TTGACA,0,2958,
TTGACT,0,2959,
TTGAGA,0,2960,
TTGAGC,0,2961,
TTGATG,0,2962,
TTGATT,0,2963,
TTGCAA,0,2964,
TTGCAG,0,2965,
TTGCAT,0,2966,
TTGCCA,0,2967,
TTGCCC,0,2968,
TTGCTA,0,2969,
TTGCTT,0,2970,
TTGGAG,0,2971,
TTGGCA,0,2972,
TTGGCC,0,2973,
TTGGCT,0,2974,
TTGGGA,0,2975,
TTGGTC,0,2976,
TTGTAC,0,2977,
TTGTAT,0,2978,
TTGTCA,0,2979,
TTGTCC,0,2980,
TTGTCT,0,2981,
TTGTGA,0,2982,
TTGTGT,0,2983,
TTTACA,0,2984,
TTTACC,0,2985,
TTTACG,0,2986,
TTTACT,0,2987,
TTTATC,0,2988,
TTTCAA,0,2989,
TTTCAC,0,2990,
TTTCAT,0,2991,
TTTCCT,0,2992,
TTTCTA,0,2993,
TTTCTC,0,2994,
TTTCTG,0,2995,
TTTGAA,0,2996,
TTTGAC,0,2997,
TTTGAT,0,2998,
TTTGCC,0,2999,
TTTGGA,0,3000,
TTTGGC,0,3001,
TTTGTC,0,3002,
TTTTCA,0,3003,
TTTTCT,0,3004,
TTTTGA,0,3005,
TTTTTC,0,3006,
TGTGGG,-0.05956152,3007,
GTGCAC,-0.06638825,3008,
TTCCAG,-0.06645435,3009,
TGTGTG,-0.0725361,3010,
GGGGAG,-0.07299208,3011,
TACCCT,-0.07702677,3012,
GGGGCA,-0.0801007,3013,
TGTGCG,-0.08053891,3014,
TACCAG,-0.08058721,3015,
CCAGGG,-0.08095872,3016,
GGCATT,-0.08175793,3017,
GAGGGC,-0.08415491,3018,
GGCACA,-0.08580896,3019,
AGTTAT,-0.09062579,3020,
TGTGTC,-0.09100762,3021,
CCCAGG,-0.09103682,3022,
CCCTTG,-0.09212897,3023,
GTGCTC,-0.09222307,3024,
CATGCA,-0.09499442,3025,
AGTTCC,-0.09818825,3026,
ATTGGG,-0.1034337,3027,
TGGGCA,-0.1046877,3028,
AGTTTT,-0.1060215,3029,
ATGGGC,-0.1063745,3030,
GGCAGT,-0.1071623,3031,
GTTGTG,-0.1093993,3032,
ATGCAC,-0.109423,3033,
ATTGCT,-0.1096746,3034,
GTGTTG,-0.1110658,3035,
CTCCAG,-0.1117276,3036,
GCAGCT,-0.1129522,3037,
TGGGGA,-0.1130882,3038,
AGTGCT,-0.115945,3039,
GCACCA,-0.1160327,3040,
GCACCC,-0.1166585,3041,
CCGCCA,-0.1191035,3042,
GTCCCA,-0.1240764,3043,
ACACCA,-0.1273292,3044,
TGGCAC,-0.133178,3045,
CCCCCC,-0.1368549,3046,
TTGGGC,-0.1379272,3047,
ACCCAC,-0.1381479,3048,
GCATCT,-0.1385407,3049,
ACTCCA,-0.138561,3050,
ACTTGC,-0.1385637,3051,
GTGGGC,-0.139793,3052,
GAAAGG,-0.1414715,3053,
GGAGGG,-0.1431284,3054,
CCAGTG,-0.143174,3055,
TGCCCA,-0.1432309,3056,
TGGTAC,-0.1438166,3057,
GTATGC,-0.1440129,3058,
GAGGGG,-0.1442115,3059,
TCTCCA,-0.1444587,3060,
AAGGGC,-0.1457545,3061,
ACCCAA,-0.14622,3062,
TCACCA,-0.1463421,3063,
AGGAGG,-0.1467904,3064,
GTTATG,-0.1474199,3065,
ATGGTG,-0.14757,3066,
TACCCC,-0.1479595,3067,
TGGGGC,-0.149135,3068,
TTGTTG,-0.1496215,3069,
CCCACA,-0.1499003,3070,
GGTGCA,-0.1504311,3071,
TTGTGC,-0.1508585,3072,
CCCGTA,-0.1510401,3073,
TTGCTC,-0.1512439,3074,
ACCCCT,-0.1515032,3075,
ATTCCA,-0.1519374,3076,
TGTATG,-0.152481,3077,
GCATAA,-0.1533423,3078,
AGAGGG,-0.1545021,3079,
ACTTTG,-0.1547073,3080,
CCCCAC,-0.1552233,3081,
TGGCTA,-0.1559603,3082,
ATTGTG,-0.1568758,3083,
GTTGTA,-0.1574095,3084,
GTTGGT,-0.157549,3085,
GTGGTT,-0.1578562,3086,
GTGTGT,-0.1587639,3087,
CATTTG,-0.1604287,3088,
TGTTTG,-0.1606405,3089,
GCATAG,-0.1614357,3090,
ACAGTG,-0.1614377,3091,
AAGGTG,-0.1623378,3092,
CAGTGC,-0.1629265,3093,
GTGATA,-0.1648922,3094,
TTTTCC,-0.1649281,3095,
GCACAT,-0.1661612,3096,
AAGTGG,-0.1683113,3097,
CATATG,-0.1688401,3098,
AGTGCA,-0.1688486,3099,
CTTGCT,-0.1691734,3100,
GGCACC,-0.170698,3101,
AGTTAA,-0.1722053,3102,
GTGCGT,-0.1722512,3103,
TTGGTG,-0.1728837,3104,
GTGTGC,-0.1742305,3105,
AATTTG,-0.1745916,3106,
CTGTGT,-0.1770969,3107,
ATTTGC,-0.1772127,3108,
ATTGCA,-0.1779857,3109,
GCAATA,-0.1784496,3110,
GCATTT,-0.1785775,3111,
CCGCAG,-0.1787507,3112,
TTTCCC,-0.1788699,3113,
GAGTTA,-0.1790183,3114,
CACCCC,-0.1790926,3115,
TAGCGG,-0.1792763,3116,
GGTCTT,-0.1794954,3117,
ACCCCC,-0.1805163,3118,
TGCTCT,-0.1806022,3119,
TGCTTG,-0.1808969,3120,
CAGGGC,-0.1813988,3121,
GTTGGG,-0.1820489,3122,
GCACTC,-0.1830081,3123,
TTGCAC,-0.1830282,3124,
TTCTAT,-0.1847908,3125,
GTGCCA,-0.1848397,3126,
ACCCAT,-0.1881789,3127,
CTACCA,-0.1882587,3128,
GGTGCT,-0.1890471,3129,
TTTCAG,-0.1891614,3130,
TGCAGG,-0.1895056,3131,
TACATG,-0.1898322,3132,
GGGCAT,-0.1898655,3133,
ATCTTG,-0.1905482,3134,
CTTGCA,-0.191137,3135,
TACCCA,-0.1922924,3136,
AGCCAG,-0.1925297,3137,
TTTTAC,-0.1927973,3138,
AAGGGG,-0.1928049,3139,
GGCTTG,-0.1931265,3140,
CAGCAT,-0.1943516,3141,
CAGTGT,-0.196112,3142,
TTGTTT,-0.1962941,3143,
GTTTTG,-0.1963748,3144,
TTCAGT,-0.1968101,3145,
CACAGT,-0.1971136,3146,
TGTGTT,-0.1982432,3147,
TTTGGG,-0.1998564,3148,
GTTTGG,-0.1999093,3149,
TTGTGG,-0.2004789,3150,
CCTATG,-0.2005098,3151,
GGTTGA,-0.2044,3152,
AATTGC,-0.2048141,3153,
TTTAAC,-0.2051251,3154,
TGTACA,-0.2052563,3155,
CCAATC,-0.2060575,3156,
GGGGCC,-0.206116,3157,
ATCACC,-0.2063338,3158,
AAGGGA,-0.2065784,3159,
TTCTTT,-0.2066745,3160,
CCTTGT,-0.2067049,3161,
TTCTTA,-0.2067381,3162,
TTACAG,-0.2073422,3163,
CACTCA,-0.2075391,3164,
ACTACC,-0.2093725,3165,
AAAAGG,-0.2101461,3166,
TGCTGG,-0.2103101,3167,
TATGCT,-0.2103499,3168,
CACAAA,-0.2109032,3169,
TGGTTG,-0.2111606,3170,
CTACCC,-0.2111682,3171,
GCCCCC,-0.2120468,3172,
AATCCC,-0.2128257,3173,
GGGCGG,-0.2131604,3174,
TTTCTT,-0.2138376,3175,
GTATGG,-0.2141879,3176,
GTGGGG,-0.2142306,3177,
GGTACT,-0.2149649,3178,
CCTCTA,-0.2153886,3179,
GTCCCC,-0.2154462,3180,
AGTTTA,-0.2155167,3181,
GCTGGG,-0.2157108,3182,
AAAATG,-0.2161195,3183,
CCATCA,-0.2162697,3184,
TTAACT,-0.2163871,3185,
TATGGG,-0.216638,3186,
TTCTTG,-0.2167459,3187,
CCCCCT,-0.2167925,3188,
CTTGCC,-0.217004,3189,
CACAAT,-0.2170245,3190,
TTAAGA,-0.2171508,3191,
GGTGTG,-0.2171786,3192,
CTAACC,-0.2172112,3193,
CAGGCT,-0.2173887,3194,
GGGAAA,-0.2176601,3195,
TTTCCA,-0.217836,3196,
CCAAAG,-0.2179654,3197,
GTTGAG,-0.2181535,3198,
TTGGGG,-0.2181741,3199,
TCTTTG,-0.2184312,3200,
CCAGTC,-0.2188687,3201,
TTTGTT,-0.2190884,3202,
TTTGCT,-0.2193735,3203,
AATTCC,-0.2199738,3204,
GGCTGG,-0.2213704,3205,
GGCTCT,-0.2216527,3206,
CACAGC,-0.2218039,3207,
TTTGTG,-0.2222249,3208,
GGCTAT,-0.2226815,3209,
CAGGCA,-0.2228377,3210,
AAATGC,-0.2229889,3211,
GTGGTA,-0.2233066,3212,
CAAATT,-0.2234288,3213,
GATCAG,-0.2234711,3214,
GACAGG,-0.2238923,3215,
TATACC,-0.224014,3216,
TTGAGT,-0.2243697,3217,
CTCCCA,-0.2245937,3218,
TTTGAG,-0.2246125,3219,
TCCACC,-0.2246355,3220,
TTCCTT,-0.2246428,3221,
AGGGGC,-0.2250413,3222,
AATGCA,-0.2253457,3223,
GGTTAC,-0.2254623,3224,
TTGATA,-0.2256812,3225,
ATTACC,-0.2260513,3226,
AGGTCC,-0.2263276,3227,
AGCTGG,-0.226614,3228,
ACCCAG,-0.2266799,3229,
GCCAGT,-0.2270462,3230,
TGCAGT,-0.2271924,3231,
CAGGGG,-0.227312,3232,
CTATGC,-0.2275094,3233,
CATGTA,-0.2276436,3234,
AAATTG,-0.2280256,3235,
GGCAGG,-0.2286848,3236,
ATACCC,-0.2287793,3237,
CTTCCC,-0.2311275,3238,
CAGTTT,-0.2312292,3239,
GTTAAA,-0.2315323,3240,
GGGGGA,-0.2323891,3241,
TAACCA,-0.2329385,3242,
ATGAGG,-0.2330171,3243,
AGCCCC,-0.2331303,3244,
CACCAG,-0.2331808,3245,
GGCTTT,-0.2341076,3246,
CACAGG,-0.2349267,3247,
TAACTG,-0.2350015,3248,
GATAGT,-0.235102,3249,
GGGCTC,-0.2363283,3250,
GCTTGC,-0.2363652,3251,
GGTTGC,-0.2364381,3252,
GGGGCG,-0.2365715,3253,
AGTCCC,-0.2374122,3254,
GCCCCA,-0.2375289,3255,
CATAAC,-0.2376194,3256,
CTTTCC,-0.2378266,3257,
GGGGAT,-0.2381419,3258,
TCTATG,-0.240443,3259,
AATGGT,-0.2408749,3260,
GCTTTG,-0.241031,3261,
CCTTTG,-0.241131,3262,
TCAGCC,-0.2412453,3263,
TTAAAG,-0.2417917,3264,
CAGCCC,-0.2419863,3265,
TTTGCA,-0.2427729,3266,
GTCTTT,-0.2427766,3267,
CCCAGA,-0.2433568,3268,
ATATGC,-0.2433775,3269,
GTTTAT,-0.2439665,3270,
GGTGTA,-0.244215,3271,
AATATG,-0.2454755,3272,
GCACCT,-0.2456323,3273,
GTGTCA,-0.2457155,3274,
ACCCTT,-0.2458748,3275,
AGTGGG,-0.2463696,3276,
GCCCTT,-0.246733,3277,
CCACCT,-0.2468908,3278,
TGTGCA,-0.2472551,3279,
GGGTGC,-0.2476317,3280,
GTACAT,-0.2485444,3281,
TTCCCT,-0.2486209,3282,
TACTAT,-0.2487958,3283,
AGGGCG,-0.2488546,3284,
GTATCT,-0.2490687,3285,
GAGGTT,-0.2501174,3286,
GGCACT,-0.2508494,3287,
GTCAGC,-0.2508563,3288,
GCTATG,-0.2508867,3289,
AGTATG,-0.2512444,3290,
TCTTGC,-0.2513473,3291,
TGTGCT,-0.2514782,3292,
TAGACC,-0.251881,3293,
TATGTG,-0.2527378,3294,
TCACAG,-0.2527402,3295,
ATACTT,-0.2530346,3296,
CACGTA,-0.2534751,3297,
GTTATT,-0.2544335,3298,
TACTTG,-0.2546198,3299,
TGCCCC,-0.2546363,3300,
TGAGGG,-0.2547049,3301,
CCCACT,-0.2550355,3302,
CAAAAA,-0.2551171,3303,
CATCTT,-0.2552072,3304,
AACCCC,-0.2554032,3305,
AGTGTG,-0.2554586,3306,
TATTGG,-0.2556222,3307,
CTTTGC,-0.2564105,3308,
GTTTTT,-0.2564654,3309,
CTCTTG,-0.256686,3310,
TGCCAA,-0.2567591,3311,
GGCTAA,-0.2568536,3312,
TACAAT,-0.2569202,3313,
ATTTTG,-0.257136,3314,
GCTCTT,-0.2576013,3315,
TGCCAC,-0.2580622,3316,
TGTCTA,-0.2592822,3317,
TGGGCT,-0.2593239,3318,
ATTTAT,-0.2595694,3319,
GGCCTA,-0.2596506,3320,
TTAAGC,-0.2603758,3321,
CTCCCC,-0.2604449,3322,
CCCCAT,-0.2605669,3323,
GGTTCA,-0.2610664,3324,
GCATTA,-0.2613066,3325,
AGGTGC,-0.261588,3326,
ATCAGG,-0.2621685,3327,
AAAGGG,-0.2631473,3328,
TGTTAT,-0.2632202,3329,
TTATGG,-0.26334,3330,
GTAATC,-0.2641615,3331,
ATAGAG,-0.2651034,3332,
CAAAAT,-0.2651627,3333,
TACAGT,-0.2653389,3334,
TCCATT,-0.2653389,3335,
CACCAA,-0.2654097,3336,
TAGCCT,-0.265751,3337,
TTGTAA,-0.2658903,3338,
AATGGG,-0.2660289,3339,
ATAGCT,-0.2664575,3340,
TAATCC,-0.2664879,3341,
GTGTTT,-0.2666725,3342,
TCAGTG,-0.2669555,3343,
AGGGCA,-0.2671127,3344,
TGCCCT,-0.2671356,3345,
CACCCA,-0.2675895,3346,
TTTTGG,-0.2676151,3347,
CACTCT,-0.267864,3348,
ACCTAT,-0.2683414,3349,
CAATAT,-0.2684103,3350,
GGGCAA,-0.2707008,3351,
ATAAAG,-0.2713439,3352,
TATGGT,-0.2713439,3353,
GTATTG,-0.2714115,3354,
GCAGGG,-0.2718298,3355,
TTATGT,-0.2720829,3356,
TGCACT,-0.2724775,3357,
AACAGG,-0.2738495,3358,
ATAACC,-0.274223,3359,
CACTTG,-0.2745293,3360,
AGGGGA,-0.2748466,3361,
CCGGCA,-0.2761028,3362,
GGGGGC,-0.2769371,3363,
TCCCTT,-0.2776432,3364,
CCTGTA,-0.2786258,3365,
CTTCTT,-0.2789973,3366,
TTGGTT,-0.2791246,3367,
ATAGCC,-0.279161,3368,
ATCCCA,-0.2794055,3369,
TGGGTC,-0.2794109,3370,
TTTTGT,-0.2808243,3371,
GGCTCA,-0.282407,3372,
CCACAG,-0.2825543,3373,
CAGGTC,-0.2826487,3374,
CCGTTA,-0.2827909,3375,
ATTCTT,-0.2832361,3376,
CTAAGC,-0.2834841,3377,
TGCTCA,-0.283672,3378,
TCTTTT,-0.2837071,3379,
CCTATC,-0.2853767,3380,
AGGTGT,-0.2858265,3381,
CACCTT,-0.2858324,3382,
ATTATT,-0.2861209,3383,
TAAGCC,-0.2862055,3384,
CAATAA,-0.2863553,3385,
TGCCAT,-0.2867126,3386,
GAGGTA,-0.2868709,3387,
GTTAAT,-0.2869921,3388,
TATCTT,-0.2873572,3389,
ATGGTT,-0.2892404,3390,
AATAAT,-0.2893589,3391,
TTTGTA,-0.2907206,3392,
AAACCC,-0.2917996,3393,
GTATCA,-0.292028,3394,
AATAAG,-0.292067,3395,
AGCCCA,-0.2921083,3396,
TCCCAG,-0.2922438,3397,
CTATTC,-0.2923359,3398,
CCAGAC,-0.2929737,3399,
TCCTAT,-0.2934799,3400,
GCCAGC,-0.2939509,3401,
CGTAGC,-0.2939523,3402,
GAGCTA,-0.2939523,3403,
TATGAG,-0.2940098,3404,
GGCTTA,-0.2946657,3405,
GTGTAT,-0.2951791,3406,
AGCAGC,-0.2954918,3407,
ACTATT,-0.2955993,3408,
GTTTAA,-0.295839,3409,
CCTTTC,-0.2959779,3410,
GATTAA,-0.2966463,3411,
CAGTCA,-0.2967279,3412,
GGGTAC,-0.2969108,3413,
GCAGTA,-0.2969601,3414,
TAAATC,-0.2978009,3415,
ACCCTA,-0.2978614,3416,
CATATT,-0.2984891,3417,
TATGCA,-0.2989395,3418,
TAAAGT,-0.2989551,3419,
TAATAC,-0.2989555,3420,
TAATGG,-0.2995436,3421,
TTATGC,-0.3004062,3422,
AGCCTT,-0.3004857,3423,
TATGTT,-0.3006035,3424,
CTTGTT,-0.302193,3425,
AGCACC,-0.3022972,3426,
TACATT,-0.3024874,3427,
CTTTGT,-0.3025463,3428,
ATCCCC,-0.3027116,3429,
TACAGG,-0.3027554,3430,
CAGCCT,-0.3028294,3431,
CCACCC,-0.3029449,3432,
TGTAGA,-0.3030957,3433,
AGCAGG,-0.3037783,3434,
TGTAAA,-0.3038166,3435,
GACTAG,-0.3039822,3436,
GGTCTA,-0.304818,3437,
ACAGGG,-0.3049664,3438,
TGCCTT,-0.3058343,3439,
TAGCTG,-0.3059672,3440,
TAAACC,-0.306441,3441,
CTATGT,-0.3073149,3442,
CTTATG,-0.307481,3443,
TGGTGG,-0.3078869,3444,
GTCAGT,-0.3080816,3445,
CAGATA,-0.3091431,3446,
TAAAAG,-0.3095521,3447,
GCCTAT,-0.310179,3448,
TCAGTT,-0.3108473,3449,
GCCACC,-0.3111155,3450,
GTTTTA,-0.3115475,3451,
CTGTGC,-0.3117242,3452,
GTAATG,-0.3128016,3453,
GTTATA,-0.3139591,3454,
CTAGAG,-0.3147917,3455,
ACAGGT,-0.3149683,3456,
ATCTAT,-0.315145,3457,
AATATT,-0.3154393,3458,
CTCAGG,-0.3157252,3459,
ATAACT,-0.3164402,3460,
AACTAG,-0.3166756,3461,
TCTTAT,-0.3173232,3462,
GGTATG,-0.3174294,3463,
GCCATT,-0.3181396,3464,
TCGTAG,-0.3184418,3465,
GTAAAC,-0.3189717,3466,
TGTATT,-0.3191284,3467,
TGCTAA,-0.3194757,3468,
GCCAGG,-0.3198387,3469,
GCAGCC,-0.3202723,3470,
TGTGTA,-0.3203137,3471,
AAATTT,-0.3210911,3472,
GCTAAT,-0.3214763,3473,
TTCAGG,-0.3220803,3474,
CTTTTG,-0.3220874,3475,
CCTTAC,-0.3223601,3476,
TGTTTT,-0.3225582,3477,
GTACAG,-0.3225727,3478,
TTTGGT,-0.322801,3479,
TGCTAT,-0.3228921,3480,
GGTTTG,-0.3230716,3481,
GGTTGG,-0.3242283,3482,
CACTAT,-0.324349,3483,
CATAAA,-0.3244818,3484,
CCAGGT,-0.3251988,3485,
TTAGCG,-0.3255023,3486,
GTAACT,-0.3257188,3487,
ATAATT,-0.3258009,3488,
TGCATT,-0.3261397,3489,
CCAGTT,-0.3264432,3490,
ACCTAG,-0.3268017,3491,
CAGGGA,-0.3276276,3492,
ATATTG,-0.3277949,3493,
TATAAC,-0.3278969,3494,
ACCCCA,-0.3279441,3495,
TTGAGG,-0.3282537,3496,
TAGATG,-0.3284291,3497,
TATCCC,-0.3292319,3498,
TATTCC,-0.3293355,3499,
GCTTTT,-0.3294369,3500,
ATTTCC,-0.3296463,3501,
GGTAAC,-0.3299641,3502,
AGCTTG,-0.3300452,3503,
GCACTA,-0.3306583,3504,
ATGGGG,-0.3309603,3505,
TTTTGC,-0.3309974,3506,
ACTAAT,-0.3339253,3507,
TAGAAG,-0.3343962,3508,
GAATAG,-0.3345373,3509,
ATAATG,-0.3346071,3510,
TGCACA,-0.3348945,3511,
GTGTAA,-0.3352339,3512,
GTATGT,-0.3352523,3513,
CATCTA,-0.335255,3514,
TTGTTA,-0.3367768,3515,
GGGGAA,-0.3370361,3516,
GTGGGT,-0.3372998,3517,
TGGTTT,-0.3373222,3518,
ATAGTG,-0.3373484,3519,
AGCTAT,-0.337752,3520,
GTACTT,-0.3377787,3521,
GTACAA,-0.3381342,3522,
GAGGGT,-0.3400668,3523,
AGGGGT,-0.3401657,3524,
TAATGT,-0.3402835,3525,
CAGTTA,-0.3413424,3526,
CATAGT,-0.3415585,3527,
CCATAC,-0.3422504,3528,
AAAAAT,-0.3426384,3529,
TTATTG,-0.3429465,3530,
GCTCAG,-0.3431652,3531,
TAGGAT,-0.343286,3532,
AATAAA,-0.3439169,3533,
TAGCGT,-0.3439336,3534,
GAGTAG,-0.3444046,3535,
TCTAAG,-0.346053,3536,
TTCCTA,-0.3463886,3537,
GGGTCT,-0.3466623,3538,
CATAAT,-0.3479324,3539,
GTAGTC,-0.3480546,3540,
CCGTAG,-0.3482359,3541,
GGGGTC,-0.3486002,3542,
TTAAAA,-0.3487514,3543,
GCTCTA,-0.3492951,3544,
CAGCTA,-0.3493922,3545,
GCTATT,-0.3497434,3546,
GGTGGC,-0.349966,3547,
GGGCTT,-0.3500197,3548,
CTAGAC,-0.3501418,3549,
ATCTTA,-0.350253,3550,
GGTCAG,-0.3506425,3551,
GTAGGA,-0.3508346,3552,
TAAACT,-0.3509983,3553,
CTCTTT,-0.3517636,3554,
TAGTGC,-0.3519191,3555,
AACCCA,-0.3519517,3556,
AGCTTT,-0.3529999,3557,
AGTGTA,-0.3538101,3558,
CCCATT,-0.354258,3559,
CATTAA,-0.3549991,3560,
ATTATG,-0.355412,3561,
TATTAC,-0.3555299,3562,
GTAGAA,-0.3565305,3563,
TACTTT,-0.3572387,3564,
CTATTG,-0.3574577,3565,
GGGGGG,-0.3581648,3566,
TATTGC,-0.3583892,3567,
TGTAGC,-0.3588601,3568,
ATTAAG,-0.3588872,3569,
GGTACA,-0.3589291,3570,
ACTAAG,-0.358946,3571,
GGTGGG,-0.3591698,3572,
CCCCAA,-0.3592595,3573,
ATATTA,-0.3599239,3574,
CCAAAC,-0.3599996,3575,
ATTAAT,-0.3604178,3576,
ATATAA,-0.3605909,3577,
CCAGCC,-0.3607261,3578,
TATTGT,-0.3607711,3579,
GGGTGA,-0.3608284,3580,
TGTAAG,-0.3619854,3581,
TAAGAG,-0.3624784,3582,
TGGTAT,-0.3627104,3583,
CTTCTA,-0.3628141,3584,
CAGTAT,-0.3633816,3585,
GCCCAA,-0.363458,3586,
CTAAAG,-0.3636558,3587,
ATAACA,-0.3642591,3588,
CTTGTA,-0.3645926,3589,
CCAGCT,-0.364717,3590,
TAAAAA,-0.3648149,3591,
ATAAGG,-0.3648223,3592,
CCCAAT,-0.3649478,3593,
TGCAGC,-0.3652139,3594,
GGGCAG,-0.3669151,3595,
CCTAAC,-0.366975,3596,
ATTGTA,-0.3674828,3597,
TAAGCT,-0.367718,3598,
TTGGTA,-0.368896,3599,
GCTTAT,-0.3692872,3600,
TAGTCT,-0.3694842,3601,
TTTATG,-0.3697083,3602,
TCAGGG,-0.3698093,3603,
GGTTTT,-0.3709494,3604,
CCTCTT,-0.3709695,3605,
ATTCCC,-0.3710152,3606,
AGGGCC,-0.3710498,3607,
CTAACT,-0.3713092,3608,
TAAGGC,-0.371617,3609,
CGATAG,-0.3718391,3610,
CTTTAC,-0.3718479,3611,
CACCAT,-0.3726996,3612,
TGATAA,-0.3728208,3613,
AGGGAG,-0.3730041,3614,
AGTAGT,-0.3731343,3615,
CTCTAT,-0.3738407,3616,
TTTAAA,-0.3739422,3617,
ATATAT,-0.3740682,3618,
GTAAAG,-0.374197,3619,
GTAAGA,-0.374234,3620,
AGTGAG,-0.3743117,3621,
ACATAT,-0.3750182,3622,
GGATAG,-0.3756606,3623,
CTAAGG,-0.3766465,3624,
CTAGTC,-0.3778517,3625,
GTGCCC,-0.378279,3626,
GTGCAG,-0.3783242,3627,
TGGGTG,-0.3786424,3628,
TTCCCC,-0.3789985,3629,
CAGCTT,-0.3790735,3630,
TATCAG,-0.3794336,3631,
TAAAAC,-0.3800069,3632,
CCTAAG,-0.3801358,3633,
CTAGAT,-0.3808466,3634,
TTTTTT,-0.3813581,3635,
TGCGTA,-0.3818318,3636,
CTCTAA,-0.3820447,3637,
CTAATG,-0.3820881,3638,
ATAGCA,-0.382934,3639,
GTATAT,-0.3834923,3640,
GTTCCC,-0.3845562,3641,
CCACTT,-0.3857813,3642,
CCCTAT,-0.3860685,3643,
GTCTTA,-0.3862417,3644,
CTCTAG,-0.3869104,3645,
AGTATT,-0.3869693,3646,
TTTTAA,-0.3870382,3647,
CTAGTG,-0.3872228,3648,
TAGGCG,-0.3873225,3649,
TTATTT,-0.3873899,3650,
CTGGTA,-0.3877139,3651,
CCCAGT,-0.3879744,3652,
TGTAAT,-0.3887558,3653,
TAATTT,-0.3887943,3654,
CAAATA,-0.3898416,3655,
GTAGTG,-0.3901906,3656,
ACGTAG,-0.3902073,3657,
GTTAAG,-0.3902442,3658,
ACTATA,-0.3908264,3659,
GCACTT,-0.3918036,3660,
GGGTGT,-0.3920416,3661,
AATTAT,-0.3923267,3662,
TTAGAC,-0.3923558,3663,
TCCCCC,-0.392632,3664,
CCCCTT,-0.3926771,3665,
GTAGAG,-0.3930259,3666,
CGATTA,-0.3932719,3667,
TGCTTT,-0.393521,3668,
AGTAAT,-0.3938574,3669,
ACTCTA,-0.39405,3670,
GCCATA,-0.3950934,3671,
TTCTAG,-0.3957064,3672,
CCCCCA,-0.3958102,3673,
TAATGC,-0.3977952,3674,
CGCTAG,-0.3992147,3675,
TGATTA,-0.4000541,3676,
GGGGCT,-0.400381,3677,
AGGTAT,-0.4011575,3678,
TATAGC,-0.4013282,3679,
TCTAAT,-0.401864,3680,
TAAGCA,-0.402387,3681,
CGCAGC,-0.4024058,3682,
CATTTA,-0.4035784,3683,
AGGCTA,-0.4038321,3684,
TTAATG,-0.4038938,3685,
CAGGTG,-0.4046809,3686,
AGCTTA,-0.4048325,3687,
GCCTTT,-0.4052289,3688,
TAGAGT,-0.4058085,3689,
TATTTC,-0.4069471,3690,
TCAGTA,-0.407278,3691,
TAAAGG,-0.4074344,3692,
ATCAGT,-0.4092819,3693,
ACTAGT,-0.4093408,3694,
TGGGGG,-0.4125924,3695,
AAATAT,-0.4134619,3696,
CATATA,-0.4142714,3697,
CTAGCC,-0.415492,3698,
GCTAAG,-0.4156681,3699,
GGTGAG,-0.415733,3700,
GTGCTT,-0.4163644,3701,
GTCTAA,-0.4180311,3702,
TAGAAT,-0.4187604,3703,
AAAATT,-0.4201145,3704,
ACACTA,-0.4209507,3705,
TTTATA,-0.4211198,3706,
TATTTG,-0.4211202,3707,
TCCTTT,-0.4217629,3708,
GTGCCT,-0.4218105,3709,
TCTATT,-0.4222339,3710,
AGGTGG,-0.4230432,3711,
CCCCAG,-0.4234819,3712,
TTAATA,-0.423763,3713,
TAGAGA,-0.4240632,3714,
ACCACC,-0.4240904,3715,
CTAAAA,-0.4242855,3716,
GTAAGC,-0.4247654,3717,
GCCCTA,-0.4248816,3718,
AGTATA,-0.4253971,3719,
ACTTTT,-0.4257662,3720,
GGTTGT,-0.4268883,3721,
CTTAAG,-0.4269436,3722,
GCGTAG,-0.4284431,3723,
AGGTGA,-0.4290654,3724,
CCCACC,-0.4293962,3725,
TGTGCC,-0.430596,3726,
CTCATA,-0.4311774,3727,
CTTAAC,-0.4321169,3728,
GGGTCA,-0.4322399,3729,
TTTTAT,-0.4331303,3730,
CAGGTT,-0.4331607,3731,
TGTCAG,-0.4334035,3732,
CCCCTA,-0.4335825,3733,
TATTAT,-0.4336551,3734,
CCCAAA,-0.4337969,3735,
GGTTAT,-0.4339822,3736,
AGGTTT,-0.4340083,3737,
CCAAAT,-0.4347086,3738,
ACATAG,-0.4348325,3739,
CATTAT,-0.4351032,3740,
GTGTTA,-0.4356895,3741,
TAACAG,-0.4357156,3742,
TAGCTC,-0.4359655,3743,
AGCTAA,-0.4360685,3744,
TTTTTA,-0.4364986,3745,
TCCTAG,-0.436952,3746,
ATTAGT,-0.4373052,3747,
GCCAAA,-0.4375819,3748,
TCAGGT,-0.438306,3749,
CAGGGT,-0.4384419,3750,
TGTTAA,-0.4394622,3751,
TAACTA,-0.4399591,3752,
TTATAA,-0.4406236,3753,
ATTAGC,-0.4406608,3754,
GTGCAT,-0.4411969,3755,
CTAGCT,-0.4412496,3756,
TAACCC,-0.4417706,3757,
TATATG,-0.4431525,3758,
TCCCAA,-0.4435162,3759,
GGGCTA,-0.444395,3760,
TTTAAG,-0.4444516,3761,
CAGCCA,-0.4445614,3762,
ATAAAT,-0.4457828,3763,
TGATAG,-0.4463941,3764,
TATAGA,-0.4467398,3765,
TAGTCC,-0.4467431,3766,
GTGCAA,-0.4477087,3767,
CCACTA,-0.4479926,3768,
GCTAGC,-0.4483143,3769,
GTAAAT,-0.4504181,3770,
TCTAGT,-0.4504926,3771,
TTTTTG,-0.4509199,3772,
TAGCAC,-0.4513599,3773,
TAGAGG,-0.4516422,3774,
TTGGGT,-0.4530108,3775,
CCATAT,-0.4537089,3776,
GGTGGT,-0.4543433,3777,
GTAGAT,-0.4547082,3778,
CATAGG,-0.455797,3779,
CAGTAA,-0.4559623,3780,
CTAAAC,-0.4559782,3781,
CTATCA,-0.4561884,3782,
TGGTTA,-0.4565814,3783,
CTAGGC,-0.456594,3784,
TAGAAA,-0.4567442,3785,
TAACTT,-0.4573807,3786,
GGGGTG,-0.4574664,3787,
GGGAGG,-0.4607316,3788,
TAAGTG,-0.4611752,3789,
TTATAT,-0.4612058,3790,
CTTATT,-0.4622082,3791,
CTTTTC,-0.4628287,3792,
AATAGT,-0.4629736,3793,
TAGGAG,-0.4635623,3794,
AGGGGG,-0.4636428,3795,
CAATAG,-0.4645749,3796,
CCTAGG,-0.4651497,3797,
GTAGCA,-0.4655228,3798,
GTAACA,-0.4658306,3799,
TAAGGG,-0.4658996,3800,
TGCAAT,-0.4663353,3801,
CCCTAA,-0.4665121,3802,
AGTCTA,-0.4667486,3803,
GTCAGG,-0.467466,3804,
TTCCCA,-0.4675052,3805,
TAAGGT,-0.4683309,3806,
CCTAGA,-0.4686178,3807,
AGGGTT,-0.4698616,3808,
GTAGCT,-0.4710106,3809,
GGGTTG,-0.4718773,3810,
GCTAGT,-0.473966,3811,
GGTATT,-0.4740817,3812,
TACTTA,-0.4745298,3813,
CCCATA,-0.4746373,3814,
GCAGGT,-0.475374,3815,
TCCCCA,-0.4757354,3816,
CCAATT,-0.4762301,3817,
AGGTTG,-0.4762726,3818,
AATATA,-0.4768642,3819,
TCTTTA,-0.4768642,3820,
GTATTT,-0.4772551,3821,
TTATTA,-0.4775487,3822,
AAGTAG,-0.4776328,3823,
GTACTA,-0.478685,3824,
AGGGTG,-0.4796276,3825,
CACTAA,-0.4807125,3826,
GCCTTA,-0.4809171,3827,
TAATTC,-0.4825336,3828,
AGTAGC,-0.4826875,3829,
CAATTA,-0.482755,3830,
GTTAGC,-0.483468,3831,
ATGGTA,-0.4843041,3832,
CGTAGG,-0.4844759,3833,
TTTAGA,-0.4845172,3834,
TAAATG,-0.4860102,3835,
TGCAAA,-0.4866398,3836,
CATTTT,-0.487612,3837,
CTCAAA,-0.4877578,3838,
TTAAGG,-0.489365,3839,
GGTAAT,-0.4894608,3840,
ATTTAA,-0.4896476,3841,
AGGCAG,-0.4904081,3842,
TCTATA,-0.4905368,3843,
TTTATT,-0.4907686,3844,
TAATAA,-0.4909815,3845,
TGTAGT,-0.4921345,3846,
CTAAAT,-0.4928219,3847,
TAAGTT,-0.4931751,3848,
ATGGGT,-0.4942961,3849,
TTTAAT,-0.4944412,3850,
GATTAG,-0.4955596,3851,
TTAAGT,-0.4963837,3852,
CCATAG,-0.4968087,3853,
TAGCAT,-0.4991212,3854,
ATAATA,-0.5025421,3855,
CTTAGA,-0.5029868,3856,
ATAGTA,-0.5036537,3857,
GTAAAA,-0.5037778,3858,
TATAAA,-0.503876,3859,
GTGTAG,-0.5039987,3860,
AGTAAG,-0.5050084,3861,
TTAATT,-0.5069766,3862,
GCTTAA,-0.5081652,3863,
GGGTAT,-0.5081703,3864,
TAGTTC,-0.5091658,3865,
CACTAG,-0.5094047,3866,
TGGGGT,-0.5112076,3867,
TTAGAA,-0.5134325,3868,
CATTAG,-0.5139272,3869,
CTTAGC,-0.5143999,3870,
CTAAGT,-0.5154289,3871,
TAGGCC,-0.5165316,3872,
CCTAGT,-0.516932,3873,
TCATAG,-0.5171362,3874,
TATAAG,-0.5175483,3875,
AAATAG,-0.5179604,3876,
GGCTAG,-0.5187028,3877,
CCTATT,-0.5195423,3878,
ATTAAA,-0.5195496,3879,
TACTAG,-0.5207274,3880,
TGGGTT,-0.5210687,3881,
TTAGCA,-0.5234447,3882,
GTGCTA,-0.5250254,3883,
TGTATA,-0.5260479,3884,
TCCTTA,-0.5266638,3885,
ATAGGT,-0.5276154,3886,
TTGTAG,-0.5293156,3887,
GGTAGA,-0.5296537,3888,
CGGTAG,-0.5298526,3889,
CAGTAG,-0.5302262,3890,
CCCTAG,-0.5310645,3891,
TGTTTA,-0.5316948,3892,
GGTAGC,-0.5322597,3893,
ATATTT,-0.5337382,3894,
GCTATA,-0.5337969,3895,
AGGGTA,-0.5346674,3896,
GTAGCC,-0.537116,3897,
CCTTAT,-0.5373892,3898,
CACATA,-0.5380225,3899,
GTAATA,-0.5381843,3900,
TGGTAA,-0.5382734,3901,
TAATAT,-0.5387423,3902,
TTAGTC,-0.5391153,3903,
TTAGCT,-0.5391496,3904,
GGTATA,-0.5402894,3905,
CCCAGC,-0.5413963,3906,
ACTAGG,-0.5416126,3907,
ATAAAA,-0.5420039,3908,
GGGGTT,-0.5426921,3909,
ATGTAG,-0.5436287,3910,
TAGCAA,-0.5448941,3911,
TTAGAG,-0.5453718,3912,
TATGTA,-0.546228,3913,
ATCTAG,-0.54722,3914,
GTAAGG,-0.5489032,3915,
TAGATT,-0.5495749,3916,
TATAGT,-0.5509289,3917,
TTTAGC,-0.5509597,3918,
CACTTT,-0.5511083,3919,
ACTTTA,-0.5512302,3920,
GTTAGA,-0.5513582,3921,
CCCTTT,-0.5513669,3922,
GTCTAG,-0.5521891,3923,
ATAGTT,-0.5539314,3924,
CTAGTT,-0.554579,3925,
AGGTAA,-0.5552319,3926,
CTGTAG,-0.5561686,3927,
TAGTAC,-0.5568115,3928,
TTAAAT,-0.5575732,3929,
TAGCCA,-0.5606408,3930,
TCTAGG,-0.5607809,3931,
CTTTCA,-0.5610123,3932,
CCTAAA,-0.5621319,3933,
CACTTA,-0.5624123,3934,
TAATTG,-0.5630721,3935,
TATTTT,-0.5635865,3936,
CTTACA,-0.5640136,3937,
CTATAA,-0.5659033,3938,
CCATAA,-0.5661368,3939,
GTAGGC,-0.5662357,3940,
TCCCTA,-0.5662368,3941,
GTAAGT,-0.5691112,3942,
ACCATA,-0.5691269,3943,
GGTTAA,-0.5692269,3944,
CTATTT,-0.5692382,3945,
TTAGTG,-0.5720891,3946,
TTAGCC,-0.574851,3947,
TAGTGA,-0.5779086,3948,
TTAGAT,-0.5780001,3949,
TAGTGT,-0.579482,3950,
GGGTTT,-0.5809234,3951,
ACTAAA,-0.5829108,3952,
GCCTAG,-0.5830779,3953,
TGCTTA,-0.5835581,3954,
TATATA,-0.5856898,3955,
TAGACA,-0.5863567,3956,
ACCTAA,-0.5869125,3957,
GGTAAA,-0.5884611,3958,
GTAATT,-0.5889887,3959,
TAGTGG,-0.5890117,3960,
CCATTT,-0.5900802,3961,
CCAAAA,-0.5916079,3962,
GGGGTA,-0.5935027,3963,
TTATAG,-0.5943598,3964,
TAGGTG,-0.5944942,3965,
TATAAT,-0.5945534,3966,
CCACCA,-0.5970888,3967,
CTTAAT,-0.5982035,3968,
CCTATA,-0.5986565,3969,
TAGCCC,-0.5988206,3970,
ATTTTT,-0.5992043,3971,
CTAGGG,-0.5998939,3972,
TAGGAA,-0.6003629,3973,
TAAATA,-0.6012522,3974,
AGGTTA,-0.6020303,3975,
TATTAA,-0.6020303,3976,
CAGGTA,-0.6035825,3977,
CTATAG,-0.6044439,3978,
GCTTAG,-0.6059585,3979,
CCTAGC,-0.6078679,3980,
TAGGCT,-0.6085061,3981,
AATTAG,-0.6092715,3982,
GGTAGT,-0.6115462,3983,
TAAAAT,-0.6163362,3984,
TGGGTA,-0.6167493,3985,
GTTTAG,-0.621758,3986,
TGCATA,-0.6218048,3987,
TCTTAG,-0.6224,3988,
CCCTTA,-0.6224595,3989,
CGTTAG,-0.6255202,3990,
TGGTAG,-0.6264752,3991,
TTAGGA,-0.6272114,3992,
CCTAAT,-0.6279897,3993,
CCTTAA,-0.6291738,3994,
AATAGG,-0.6293122,3995,
AGATAG,-0.6304655,3996,
TAAATT,-0.6315252,3997,
CTATTA,-0.6343778,3998,
TTTAGT,-0.635001,3999,
TAGGGC,-0.6352132,4000,
CTATAT,-0.6355286,4001,
TGCCTA,-0.6407879,4002,
TAATTA,-0.6416032,4003,
CTCTTA,-0.6422702,4004,
GTATAA,-0.6424043,4005,
GGGTGG,-0.6425664,4006,
TAGCAG,-0.6444772,4007,
AGTTAG,-0.64499,4008,
TAATAG,-0.6465966,4009,
GCCTAA,-0.6474074,4010,
TTTTAG,-0.6478399,4011,
GGGGGT,-0.6540825,4012,
ACTTAG,-0.6560161,4013,
GTAGTT,-0.6577259,4014,
TAGGGG,-0.6588326,4015,
CCAATA,-0.6595308,4016,
CTAGGT,-0.664847,4017,
GTAGTA,-0.6656498,4018,
TAAGTA,-0.6666142,4019,
ATTTAG,-0.6683205,4020,
CCAGTA,-0.6705042,4021,
ACTTAA,-0.6715053,4022,
ATATAG,-0.6737956,4023,
TATTTA,-0.6741731,4024,
AGCCTA,-0.6765075,4025,
TAGTTT,-0.67774,4026,
TGCTAG,-0.6797094,4027,
CTAATT,-0.6815079,4028,
AGTCAG,-0.6838628,4029,
TAGTCA,-0.6841775,4030,
GATAGG,-0.6881314,4031,
TGTAGG,-0.6884585,4032,
TAGCTT,-0.6913396,4033,
TAGTTG,-0.6920337,4034,
ATAGGG,-0.69754,4035,
GGTTTA,-0.699584,4036,
AGTAGG,-0.7034488,4037,
CTAATA,-0.7048533,4038,
GTTAGT,-0.7066043,4039,
GTAGGT,-0.7093979,4040,
GGGTAA,-0.7098053,4041,
TTAGGC,-0.7123606,4042,
GTATAG,-0.7147844,4043,
TATATT,-0.7157716,4044,
TAGTAT,-0.7231896,4045,
TAGGTC,-0.7232248,4046,
ATTTTA,-0.7246397,4047,
ATTAGG,-0.7266267,4048,
CTTAGG,-0.7271995,4049,
GTAGGG,-0.7328559,4050,
GGGTTA,-0.7370508,4051,
CACCTA,-0.7371456,4052,
CTTTAT,-0.752508,4053,
GTATTA,-0.7545524,4054,
TGTTAG,-0.7580781,4055,
GCTAGG,-0.7638746,4056,
GGTAAG,-0.7699405,4057,
CCATTA,-0.770306,4058,
TATAGG,-0.7712027,4059,
AGCTAG,-0.7715827,4060,
CCTTAG,-0.773163,4061,
CTTAGT,-0.7738787,4062,
CCTTTT,-0.7768053,4063,
CTTTTT,-0.7802369,4064,
GGTTAG,-0.7810416,4065,
TATTAG,-0.7812966,4066,
TTAGGT,-0.7834827,4067,
TTTAGG,-0.78515,4068,
GGGTAG,-0.7862132,4069,
CTTATA,-0.7906687,4070,
GCTTTA,-0.7951166,4071,
TAGGTT,-0.7964857,4072,
TAGCTA,-0.811678,4073,
TAGTAA,-0.812345,4074,
ATTATA,-0.8132342,4075,
GGTAGG,-0.8175478,4076,
TAGGGT,-0.8220952,4077,
TTAGGG,-0.8274652,4078,
TTAGTT,-0.8305586,4079,
GTTAGG,-0.83122,4080,
TAGGCA,-0.8352439,4081,
TAGGGA,-0.8377606,4082,
CTAGCA,-0.8479161,4083,
TTAGTA,-0.8515252,4084,
CTTTAG,-0.8548871,4085,
TAGATA,-0.8609218,4086,
AGGTAG,-0.8712536,4087,
CTTAAA,-0.8785963,4088,
CCTTTA,-0.8812014,4089,
TAGTTA,-0.8932694,4090,
CCAGCA,-0.8942173,4091,
CTAGTA,-0.9250611,4092,
TAGTAG,-0.9382504,4093,
TAGGTA,-0.996537,4094,
CTTTAA,-1.050227,4095,
CTTTTA,-1.06101,4096,
